"Secuencia","Codigo Producto","Producto","Ingles","Chino","Cantidad","Saldo","Costo","Fob","Fob Total"
"4","R125-300305","CIGUEÑAL","CRANK/CONNECT LEVER","","100","100","12.82","",""
"9","R125-300515","EMBRAGUE COMPLETO  XY125-7","CLUTCH ASSY","","30","30","8.17","",""
"14","R125-300622","DECORATIVO DE TAPA DE BOBINA DE MOTOR Y DE EMBRAGUE","LEFT DECORATIVE COVER","","10","10","2.09","",""
"19","R125-300916NEG","COMPLEMENTO DE TAPA LATERAL IZQUIERDO","Side cover, L","","50","50","3.96","",""
"24","R125-300932NEG","MASCARILLA DE DIRECCIONAL 2021","","","25","25","7.62","",""
"29","R125-300934AZU","DECORATIVO DER. DE COBERTOR ENTRE PIERNAS 2023","","","20","20","5.21","",""
"97","R150-000221","PALILLO DE DISTRIBUCION  JUEGO  2PCS","Bolt M8×28","上摇臂螺栓","150","150","1.02","",""
"102","R150-000531","CAMPANA DE ACEITE","","","100","100","1.56","",""
"107","R150-000709","VELOCIMETRO","Meter ","仪表","150","150","13.56","",""
"112","R150-000810","COMANDO IZQUIERDO","Handlebar switch, LH","左手把开关","100","100","2.2","",""
"117","R150-000842","TROMPO DE FRENO DELANTERO TODOS LOS MODELOS","","","100","100","0.34","",""
"122","R150-000941NEG","TANQUE DE COMBUSTIBLE CLASICA 2023","","","25","25","25.43","",""
"127","R150-000943ROJ","TAPA LATERAL DERECHA  CLASICA 2023","","","70","70","4.9","",""
"132","R150-001219","PEDAL DE CAMBIOS","Gearshift pedal ","变档踏板","160","160","2.91","",""
"137","R150-001403","RECTIFICADOR 4CABLES THOR FREEDOM COLT 200-18 150-15","Voltage Regulator","电压调节器","400","400","2.76","",""
"142","R150-002107","CARBURADOR","Carburetor assy","化油器总成","100","100","12.11","",""
"147","R150-100121","KIT DE CILINDRO C/EMPAQUE","","","100","100","13.68","",""
"152","R150-100801","COMANDO DERECHO","Handlebar switch, RH","右手把开关","100","100","3.14","",""
"157","R150-100814","CABLE DE EMBRAGUE","Cable clutch","离合拉索","50","50","1.2","",""
"159","R150-100822","MESA DE SUSPENSION","Steering stem","方向柱","25","25","5.89","",""
"162","R150-100837","PASTILLAS DE FRENO DELANTERO","","前碟刹蹄片","300","300","2.44","",""
"164","R150-101004ROJ","GUARDAFANGO DELANTERO 2023","Install bush, rear fender","翻边衬套","20","20","7.15","",""
"167","R150-101116","CUBRE CADENA","Bolt M6×12","螺栓M6×12","70","70","1.56","",""
"169","R150-101206","TUBO DE ESCAPE  NEW PLATINA NEGRA","Bolt M8×20","平垫弹垫组合螺栓M8×20","30","30","19.95","",""
"172","R150-101310","EJE REUDA POSTERIOR C/TUERCA","Right bush, rear wheel","后轮轴右衬套","10","10","1.62","",""
"174","R150-101321","DISCO DE FRENO DELANTERO","front disc","前碟刹盘","15","15","6.41","",""
"177","R150-101411","CDI","Control, ignition","点火控制器","150","150","2.19","",""
"179","R150-101708","CIGUEÑAL","Crankshaft connecting rod assy","曲柄连杆组合","100","100","21.2","",""
"182","R150-102515ROJ","TANQUE DE COMBUSTIBLE  NEW","","螺钉M5×16","10","10","33.95","",""
"184","R150-103502","BOMBA DE ACEITE","Oil pump assy","机油泵总成","30","30","2.86","",""
"187","R150-150108","CABEZOTE","Cylinder Head Comp","汽缸头组合","60","60","26.28","",""
"189","R150-150406","TAPA DERECHA DE CARTER DEL MOTOR","R·crankcase assy","右曲轴箱组合","15","15","16.51","",""
"192","R150-151413","KIT SWICTH NEW 2021","","","200","200","7.94","",""
"194","R150-152006","BOMBA DE ACEITE","Oil pump ","机油泵","50","50","4.56","",""
"197","R150-153013","ESTRIBO POSTERIOR LH NEW","","","20","20","7.97","",""
"199","R150-153214","STICKER DE TAPA LATERAL  (GN-STARK) 2PCS","","","100","100","0.93","",""
"202","R150-153315","TAPA DE BOBINA DEL MOTOR","L·crankcase assy","左前盖","25","25","10.75","",""
"204","R150-153710NEG","TAPA LATERAL DERECHA 2023","","","50","50","2.52","",""
"207","R150-153711ROJ","TAPA LATERAL IZQUIERDA 2023","","","30","30","2.52","",""
"209","R150-153808","COMANDO DERECHO","Right Handle Switch","右手把开关","225","225","3.02","",""
"212","R150-154803","BOBINA DE BUJIA","Ignition Coil","点火线圈","60","60","2.8","",""
"214","R150-155401","ARO POSTERIOR","Rear Rim Comp.","后轮辋总成","30","30","24.09","",""
"217","R150-155423","CATALINA 41D.","","","150","150","3.45","",""
"219","R150-155909","AMORTIGUADOR POSTERIOR ","Washer 12","垫圈12","80","80","13.07","",""
"222","R150-1F0903","MASCARILLA","Headlight front decorative block","","50","50","3.93","",""
"224","R150-1F0908","COBERTOR DE SWITCH","Cover, bike head lock","","10","10","0.85","",""
"227","R150-1F1307ROJ","CUBIERTA DE STOP","Trail cover","","30","30","1.95","",""
"229","R150-1F1601ROJ","TANQUE DE COMBUSTIBLE","Gasoline tank jointing assy","","30","30","37.58","",""
"232","R150-1F1634NEG","COBERTOR DE TANQUE IZQUIERDO 2023/-","","","40","40","5.5","",""
"234","R150-1F1635NEG","COBERTOR DE TANQUE DERECHO 2023/-","","","40","40","5.5","",""
"237","R150-AR0301","DIRECCIONAL DEALNTERA","","","24","24","4.19","",""
"239","R150-AR0303","BATERIA 12V 6MG6.5L","","","100","100","11.86","",""
"242","R150-AR0401","VELOCIMETRO ARMY","","","60","60","10.65","",""
"244","R150-AR0402NEG","MASCARILLA DE FARO ARMY","","","50","50","2.52","",""
"247","R150-AR0404NEG","GUARDAFANGO DELANTERO","","","40","40","6.17","",""
"249","R150-AR0405","FARO DELANTERO ARMY","","","30","30","6.46","",""
"252","R150-AR0407NEG","COBERTOR DE TANQUE IZQUIERDO","","","50","50","3.96","",""
"254","R150-AR0408BLA","COMPLEMENTO DE LATERAL POSTERIOR DERECHO","","","20","20","2.28","",""
"257","R150-AR0411BLA","LATERAL POSTERIOR IZQUIERDO","","","20","20","2.96","",""
"259","R150-AR0416NEG","TANQUE DE COMBUSTIBLE","","","20","20","23.48","",""
"262","R150-AR0425ROJ","CUBREPUÑO R/L SET COMPLETO","","","30","30","3.56","",""
"264","R150-AR0503","MANIJA DE EMBRAGUE ARMY","","","24","24","2.6","",""
"267","R150-AR0509","CABLE DE VELOCIMETRO 99cm","","","100","100","0.64","",""
"269","R150-AR0511PLO","BARRA TELESCOPICA IZQUIERDA","","","50","50","16.64","",""
"272","R150-AR0515","CAMANDO DERECHO ARMY","","","60","60","","",""
"274","R150-AR0605","AMORTIGUADOR ARMY","","","50","50","19.2","",""
"277","R150-AR0702","ARO DE RUEDA POSTERIOR     17 x  2.15","","","20","20","24.96","",""
"279","R150-AR0707","EJE DE REUEDA DELANTERO","","","30","30","0.42","",""
"282","R150-AR0901","CABEZOTE COMPLETO S/CANISTER","","","30","30","11.8","",""
"284","R150-FR0120","CARBURADOR  175CC","","","30","30","17.85","",""
"287","R150-FR0201","BARRA TELESCOPICA DERECHA","","","40","40","11.26","",""
"289","R150-FR0203","AMORTIGUADOR  (JUEGO)","","","30","30","26.2","",""
"292","R150-FR0209GRI","SOPORTE DE MOTOR","","","10","10","17.76","",""
"294","R150-FR0211","CABLE DE FRENO POSTERIOR","","","120","120","1.28","",""
"297","R150-FR0223","DISCO DE FRENO","","","30","30","3.84","",""
"299","R150-FR0234","KIT DE TRANSMISION DELANTERA","","","70","70","9.67","",""
"302","R150-FR0237NEG","MANUBRIO DE ACELERACION","","","150","150","1.53","",""
"304","R150-FR0238","KIT DE PISTAS DEL TREN DELANTERO","","","50","50","3.07","",""
"307","R150-FR0310","BOBINA DE MOTOR 8POLARES,5CABLE,2HUECOS","","","30","30","5.33","",""
"309","R150-FR0312","FLASH","","","30","30","0.49","",""
"312","R150-FR0408","PORTA OBJETO","","","5","5","4.61","",""
"314","R150-FR0422","TUBO DE ESCAPE C/DECORATIVO NEW","","","60","60","18.43","",""
"317","R150-FR0512","LUZ DE STOP","","","50","50","5.79","",""
"319","R150-FR0515","DIRECCIONAL POSTERIOR","","","80","80","4.84","",""
"322","R150-FR0519","RETROVISORES JUEGO","","","100","100","2.75","",""
"324","R150-FR0521","SOPORTE DE FARO","","","50","50","1.28","",""
"327","R150-FR0529","CUBREPUÑO DERECHO","","","30","30","2.56","",""
"329","R150-FR0529NEG","CUBREPUÑO DERECHO","","","60","60","2.56","",""
"332","R150-FR0530NEG","CUBREPUÑO IZQUIERDO","","","60","60","2.56","",""
"334","R150-FR0545","COBERTOR ENTREPIERNA PARA PARLANTE","","","30","30","36.39","",""
"337","R150-FR0570NEG","GUARDAFANGO DELANTERO 2023","","","160","160","5.25","",""
"2","R125-300118","CILINDRO","CYLINDER BODY","","100","100","10.41","",""
"7","R125-300327","CAJA DE CAMBIO","","","80","80","9.12","",""
"12","R125-300612","TAPA DE PIÑÓN MOTRIZ","RR·COVER, L·CRAKCASE","","25","25","3.8","",""
"17","R125-300904","DIRECCIONA DERECHA","Turning light, RH","","70","70","1.81","",""
"22","R125-300921NEG","COMPLEMENTO DE TAPA LATERAL DERECHA","Side cover, R","","50","50","3.96","",""
"27","R125-300933NEG","DECORATIVO IZQ. DE COBERTOR ENTRE PIERNAS 2023","","","50","50","5.22","",""
"32","R125-300936NEG","TAPA LATERAL DERECHA 2023","","","70","70","5.44","",""
"34","R125-301009","LUZ STOP","Taillight assy","","100","100","4.04","",""
"37","R125-301107","PASTILLA DE FRENO","","","100","100","1.14","",""
"39","R125-301117","BARRA TELESCOPICA IZQUIERDA","Front shock absorber, LH","","20","20","13.15","",""
"42","R125-301508","PIÑON DE VELOCIMETRO","Speed counter","","30","30","1.95","",""
"44","R125-301602","GUARDAFANGO POSTERIOR","Rear fender","","120","120","4.49","",""
"47","R125-301614ROJ","GUARDAFANGO DELANTERO 2021","","","150","150","6","",""
"49","R125-301801","ASIENTO","Seat","??","20","20","8.48","",""
"52","R125-301904","CDI","Control, ignition","","100","100","2.28","",""
"54","R125-CL0301","KIT DE CILINDRO  150-24 COLT","","","20","20","13.91","",""
"57","R125-CL0305","KIT DE PISTON 125 COLT","","","20","20","4.79","",""
"59","R125-CL0601","EMPAQUE DE MOTOR COLT","","","50","50","1.65","",""
"62","R125-CL0606","EMBRAGUE COMPLETO COLT","","","50","50","8.82","",""
"64","R125-CL0804","MAGNETO","ROLLER ASSY","","20","20","6.34","",""
"67","R125-CL0903","VELOCIMETRO  COLT","","","30","30","15.26","",""
"69","R125-CL1001","TANQUE DE COMBUSTIBLE","","","10","10","43.7","",""
"72","R125-CL1003","BOYA DE COMBUSTIBLE","","","30","30","1.93","",""
"74","R125-CL1105","LUZ DE STOP  COLT","","","30","30","7.46","",""
"77","R125-CL1305","PORTAZAPATA CON ZAPATA POSTERIOR","","","1","1","6.13","",""
"79","R125-CL1314","DISCO DE FRENO DELANTERO","","","20","20","","",""
"82","R125-CL1406","BARRA TELESCOPICA DERECHA","","","1","1","7.38","",""
"84","R125-CL1408","SOPORTE DE FARO DERECHO","","","30","30","7.38","",""
"87","R125-CL1415","RETROVISOR DERECHO","","","30","30","1.31","",""
"89","R125-CL1418","MANUBRIO IZQUIERDO","","","20","20","0.39","",""
"92","R125-CL1601","ESTRIBO DE CONDUCTOR  COLT","","","30","30","3.94","",""
"94","R150-000118","EMPAQUE DE OR (JUEGO)","","","300","300","1.23","",""
"99","R150-000227","SET DE ELEVADORES (2PCS)","","","50","50","1.2","",""
"104","R150-000621","BENDIX","Gear Assy","起动大齿轮组合","100","100","4.08","",""
"109","R150-000722NEG","MASCARILLA C/TAPA POSTERIOR","","","80","80","6.33","",""
"114","R150-000823","BARRA TELESCOPICA DERECHO","Front shock absorber, LH","前左减震器","60","60","16.69","",""
"119","R150-000925","ALMOHADILLA DE ESPALDAR","","","3","3","2.02","",""
"124","R150-000942NEG","TAPA LATERAL IZQUIERDA  CLASICA 2023","","","100","100","4.9","",""
"129","R150-001029NEG","COBERTOR DE STOP MAS BASE Y STOP 150-0  2013","","","80","80","11.84","",""
"134","R150-001316","CATALINA","R·chain wheel","后链轮","330","330","3.6","",""
"139","R150-001413","BOBINA DE BUJIA","Ignition loop","点火线圈","50","50","1.61","",""
"144","R150-002728","PIÑON MOTRIZ","Output Sprocket","输出链轮","900","900","0.98","",""
"149","R150-100703","VELOCIMETRO","Instrument","仪表总成","70","70","15.3","",""
"154","R150-100804","RETRVISOR IZQUIERDO","Lrr view mirror","左后视镜","50","50","1.55","",""
"339","R150-FR0571BLA","SPOILER INFERIOR 2023","","","20","20","8.47","",""
"344","R150-FR0572ROJ","FRONTAL DE MASCARILLA 2023","","","60","60","6.59","",""
"349","R150-FR0704","TEMPLADOR DE CADENILLA","","","10","10","1.22","",""
"354","R150-FR0720","EJE  DE ACONDICIONAMIENTO","","","10","10","2.3","",""
"359","R150-FR0746","TENSOR Y DELIZADOR DE CADENILLA","","","20","20","1.18","",""
"364","R150-FR0756","CADENILLA DE DISTRIBUSION Y BOMBA DE ACEITE SET","","","20","20","1.77","",""
"369","R150-JD0202","SOPORTE DE VELOCIMETRO","","","40","40","1.15","",""
"374","R150-JD0309","CABLE DE FRENO POSTERIOR","","","100","100","1.7","",""
"379","R150-JD0410","DECORATIVO INFERIOR DE TAPA FRONTAL","","","40","40","1.24","",""
"384","R150-JD0502","PORTA OBJETO","","","10","10","2.92","",""
"389","R150-JD0519","DECORATIVO INFERIOR DE CHASIS","","","30","30","2.31","",""
"394","R150-JD0603","COMPLEMENTO LATERAL POSTERIOR DERECHO","","","50","50","0.39","",""
"399","R150-JD0611","LUZ PORTA PLACA","","","20","20","0.82","",""
"404","R150-JD0801","RECTIFICADOR","","","50","50","3.61","",""
"409","R150-JD0903","BARRA TELESCOPICA IZQUIERDA","","","20","20","10.26","",""
"414","R150-JD1005","MANIJA DE FRENO IZQUIERDO S/BOMBA","","","10","10","1.47","",""
"419","R150-JD1015","ARO POSTERIOR NEW JEDI 2.15x10","","","30","30","15.68","",""
"424","R150-JD1104","DECORATIVO DE ESCAPE JEDI","","","70","70","5.14","",""
"429","R150-JD1303","CADENILLA DE DISTRIBUCION","","","50","50","2.18","",""
"434","R150-JD1409","CIGUEÑAL FREEDOM","","","20","20","24.64","",""
"439","R150-JD1416","KIT DE TRANSMISION DELANTERA FREEDOM","","","20","20","24.82","",""
"444","R150-JD1509","DECORATIVO DE VENTILADOR JEDI","","","5","5","0.7","",""
"449","R150-WR0304BLA","DECORATIVO DE MASCARILLA IZQUIERDO","","","20","20","1.62","",""
"454","R150-WR0418","ESPONJA DE COBERTOR IZQUIERDO WOLVERINE","","","50","50","0.55","",""
"459","R150-WR0503","EJE DE OSCILANTE C/TUERCA 125-24 WOLVERINE","","","10","10","2.23","",""
"464","R150-WR0801","ESTRIBO DEL CONDUCTOR CON PATA DE APOYO","","","50","50","","",""
"469","R150-WR0904","CABLE DE EMBRAGUE","","","150","150","1.83","",""
"474","R150-WR1311","ARO DE RUEDA POSTERIOR WOLVERINE","","","30","30","37.41","",""
"479","R175-CT0106","COBERTOR DE VELOCIMETRO","","","20","20","2.24","",""
"484","R175-CT0117","DIRECCIONAL DELANTERA DERECHA","","","30","30","5.03","",""
"489","R175-CT0204","DECORATIVO INF. DE COBERTOR ENTREPIERNA","","","5","5","0.37","",""
"494","R175-CT0301ROJ","LATERAL POSTERIOR IZQUIERDO","","","15","15","11.54","",""
"499","R175-CT0305","CUBIERTA DE STOP","","","15","15","2.26","",""
"504","R175-CT0312","BASE ASIENTO","","","20","20","10.05","",""
"509","R175-CT0401","GUARDAFANGO POSTERIOR","","","30","30","2.99","",""
"514","R175-CT0406","TANQUE DE COMBUSTIBLE","","","10","10","9.62","",""
"519","R175-CT0602","MESA DE SUSPENCION","","","30","30","10.13","",""
"524","R175-CT0608","MANUBRIO DE ACELERACION","","","30","30","0.73","",""
"529","R175-CT0615","CABLE DE ACELERADOR","","","30","30","1.99","",""
"534","R175-CT0703","EJE DE RUEDA DELANTERA","","","10","10","2.22","",""
"539","R175-CT0710","BASE DE RUEDA POSTERIOR","","","10","10","9.62","",""
"544","R175-CT1014","KIT DE CILINDRO","","","10","10","21.22","",""
"549","R175-CT1019","BALANCIN CON BASE","","","30","30","1.92","",""
"554","R200-060122","CABEZOTE C/BALANSHAFT","","","50","50","13.48","",""
"559","R200-060312","CAJA DE CAMBIO C/BALANSHAFT","","","250","250","14.72","",""
"564","R200-060625NEG","TAPA BOBINA DE MOTOR 2016 BALANSHAFT","","","60","60","10.17","",""
"569","R200-060725","VELOCIMETRO ""MEDIDOR DE COMBUSTIBLE""","","","150","150","11.71","",""
"574","R200-060812","RETROVISOR IZQUIERDO","Rear-left view mirror","左后视镜","150","150","1.62","",""
"579","R200-060923","LLAVE DE PASO DEL COMBUSTIBLE","Fuel switch","燃油开关","30","30","2.16","",""
"584","R200-061019","COBERTOR POSTERIOR","Trail cover","尾罩组合","200","200","7.67","",""
"589","R200-061409","CDI","Control, ignition","点火控制器C D I","150","150","4.18","",""
"594","R200-061918","KIT DE UÑETA Y SELECTOR DE CAMBIO (JUEGO)","","","100","100","5.69","",""
"599","R200-063036","CAUCHO DE ESTRIBO POSTERIORJUEGO 2PCS","","","50","50","3.1","",""
"604","R200-080706","SOPORTE DE DIRECCIONAL DELANTERA DERECHA","Install bracket, RH turninglight","前右转向灯安装支架","20","20","","",""
"609","R200-080809","COMANDO IZQUIERDO","L.SWITCH ASSY","左开关组合","30","30","2.06","",""
"614","R200-080831","BARRA TELESCOPICA DERECHA","R．F．ABSORB OR","右前减震器","40","40","25.06","",""
"619","R200-080947NEG","LATERAL POSTERIOR IZQUIERDO SMX-8 2022","","","20","20","5.44","",""
"624","R200-081324","CATALINA 50D","","","50","50","4.56","",""
"629","R200-081708","CIGÜEÑAL","Crankshaft connecting rod assy","曲柄连杆组合","50","50","23.53","",""
"634","R200-091413","BOBINA DE ENCENDIDO","Ignition loop","点火线圈","100","100","1.56","",""
"639","R200-180220","ARBOL DE LEVA","Camshaft","","25","25","14.23","",""
"644","R200-180503","TEMPLADOR DE CADENILLA","TENSIONER","","20","20","3.94","",""
"649","R200-181604","DIRECCIONALDELANTERA","Turning Light LH","","60","60","2.75","",""
"654","R200-181620","VELOCIMETRO 2020","","","50","50","39.79","",""
"659","R200-181702","MANUBRIO DERECHO","Rubber, right handlebar","","60","60","0.88","",""
"664","R200-181715","MANIJA DE FRENO","","","25","25","7.18","",""
"669","R200-181821","COMPLEMENTO DE COBERTOR DE TANQUE DERECHO","Fuel tank inner big bracket, R","","200","200","1.68","",""
"674","R200-181833NEG","COBERTOR DE TANQUE DE COMBUSTIBLE NEW  RH","","","80","80","5.28","",""
"679","R200-181917","PARRILLA","","","50","50","13.83","",""
"684","R200-182002","LUZ STOP","Tail Light","","30","30","6.81","",""
"689","R200-182112","KIT DE PISTAS Y RODAMIENTO","Accessory Bag","","50","50","1.62","",""
"694","R200-182313","EJE DE OSCILANTE","","","10","10","1.93","",""
"699","R200-182601","ESCAPE","Exhaust Muffler Assy","","30","30","32.94","",""
"704","R200-182811","PORTA ZAPATA C/ ZAPATA","Rear Arrester Assy","","10","10","9.21","",""
"709","R200-6E0706","LUZ STOP","Taillight assy","","50","50","4.29","",""
"714","R200-6E1107NEG","GUARDAFANGO DELANTERO","Rear fender","","40","40","10.8","",""
"719","R200-6E1121NEG","COMPLEMENTO DE LATERAL POSTERIOR IZQUIERDO 2023","","","20","20","3.27","",""
"724","R200-6E1123ROJ","COBERTOR DE TANQUE IZQUIERDO 2023","","","20","20","7.27","",""
"729","R200-6E1126ROJ","LATERAL POSTERIOR IZQUIERDO THOR 2023","","","20","20","4.96","",""
"734","R200-6E1305","SOPORTE DE PEDAL DE FRENO","","","100","100","1.67","",""
"739","R200-6E1311","ESTRIBO DE PASAJERO DERECHO","","","20","20","3.83","",""
"744","R200-6E1608","ARO DELANTERO  21x1.60","Front wheel rim assy","","20","20","30.07","",""
"749","R200-9S1601","LUZ DE STOP","Taillight","","200","200","6.97","",""
"754","R200-9S1930","PORTACATALINA CON CATALINA","Buffer body assy","","30","30","13.49","",""
"759","R200-9S2017","CABLE DE ACELERADOR","Throttle cable","","100","100","1.04","",""
"764","R200-9S2401","BOBINA DE BUJIA","Ignition Coil","","32","32","4.99","",""
"769","R200-VR1103NEG","DECORATIVO DE MASCARILLA IZQUIERDO VORTEX II","","","1","1","2.75","",""
"774","R200-VR1302","PARTE POSTERIOR DE GUARDAFAGO DELANTERO","","","40","40","3.02","",""
"779","R200-VR1413","SOPORTE IZQUIERDO DE GUANDAFANGO POSTERIOR","Left bracket of rear fender","","200","200","4.13","",""
"784","R200-VR1901","ESTRIBO DE PASAJERO RH","","","200","200","6.03","",""
"789","R250-060117","EMPAQUE DE MOTOR  250-6I 2019/-","","","300","300","1.77","",""
"794","R250-060427","CARTER DERECH0    250-6I 2019","","","5","5","26.33","",""
"799","R250-062006","EMBRAGUE COMPLETO","Clutch assy","离合器主体","150","150","17.43","",""
"804","R250-063020","PASTILLAS DE FRENO","","后液压盘式制动器蹄片","200","200","2.55","",""
"809","R250-080904","TAPA DE FILTRO DE ACEITE DE LA TAPA DE EMBRAGUE 250-8 TITAN 250-6A","","","20","20","","",""
"814","R250-081208","PIÑON DE VELOCIMETRO 250-8 TITAN","","","30","30","4.74","",""
"819","R250-090301","ARO POSTERIOR 17x2.15  250-9A","","","30","30","45.27","",""
"824","R250-181306","ESTRIBO DE PASAJERO DERECHO 250-18D","","","30","30","3.39","",""
"829","R250-181504","CUBRE CADENA 250-18D","","","10","10","1.05","",""
"834","R250-5A4103","CADENILLA DE DISTRIBUCION","TIMIMG CHAIN","正时链条","300","300","17.72","",""
"839","R250-9A1210","DECORATIVO DE FARO JUEGO","Decorative block R, headlamp","","30","30","3.08","",""
"844","R250-9A1601","RETROVISOR JUEGO","Rear-right view mirror","","60","60","3.86","",""
"849","R250-9A1717","PATA DE APOYO","Side stand assy","","20","20","1.48","",""
"854","R250-9A2116","BOYA DE COMBUSTIBLE","","","20","20","1.84","",""
"859","R250-II0104","RECTIFICADOR 6 CABLES","","","50","50","3.44","",""
"864","R250-II0205","MESA DE SUSPENSION","","","6","6","8.35","",""
"869","R250-II0303","VELOCIMETRO    CHEIF II","Speedometer","","70","70","18.62","",""
"874","R250-II0312","DIRECCIONAL DELANTERA RH","","","100","100","4.11","",""
"879","R250-II0318","LLAVE DE PASO DE COMBUSTIBLE","","","20","20","1.09","",""
"884","R250-II0322","FRONTAL DE MASCARILLA 2022","","","50","50","7.94","",""
"889","R250-II0404","CUBRE CADENA","Chain cover","","20","20","1.82","",""
"894","R250-II0419ROJ","GUARDFANGO DELANTERO CHEIF II","","","20","20","9.85","",""
"899","R250-II0427","DECORATIVO DE MOTOR DERECHO","","","30","30","4.6","",""
"904","R250-II0433","BASE INTERIOR PLASTICA DE LUZ STOP","","","10","10","0.4","",""
"909","R250-II0436ROJ","LATERAL DE MASCARILLA IZQUIERDO CHIEFII  2022/-","","","70","70","14.88","",""
"914","R250-II0438","LATERAL CENTRAL DE MASCARILLA LH CHIEF II 2022/-","","","60","60","14.88","",""
"919","R250-II0439VRD","LATERAL POSTERIOR DERECHO 2022/-","","","20","20","6.64","",""
"924","R250-II0441NEG","TAPA LATERAL DERECHA 2022/-","","","20","20","2.94","",""
"929","R250-II0445VRD","GUARDAFANGO DELANTERO PARA BARRA INVERTIDA","","","40","40","10.28","",""
"934","R250-II0509","RETROVISOR IZQUIERDO CHEIF II","","","150","150","2.23","",""
"939","R250-II0514","TIMON LH CHEIF II","","","30","30","6.67","",""
"944","R250-II0523","MANIJA DE FRENO C/BOMBA 2013 ( B.INV )","","","70","70","21.76","",""
"949","R250-II0603","CIGUEÑAL  CHEIF II","Crankshaft","","30","30","26.23","",""
"954","R250-II0609","CABEZOTE","","","20","20","24.42","",""
"959","R250-II0616","BUJIA D8TC","","","100","100","0.92","",""
"964","R250-II0637","CONTRAPESA","","","10","10","19.54","",""
"969","R250-II0702","ESTRIBO DE CONDUCTOR IZQUIERDO  CHEIF II","FRONT FOOTREST, LEFT","","300","300","5.31","",""
"974","R250-II0707","PATA DE APOYO","","","10","10","3.02","",""
"979","R250-II0808","SISTEMA DE FRENO DELANTERO","","","5","5","38.78","",""
"984","R250-II0820","PASTILLA DE FRENO  DELANTERO LH","","","50","50","3.63","",""
"989","R250-II0826","EJE DE RUEDA DELANTERA CHIEF 2023 BARRA INV.","","","10","10","4.48","",""
"994","R250-SP2326","CATALINA 42D  5 HUECOS SPORT II VORTEX II","","","300","300","4.83","",""
"3","R125-300204","CADENILLA DEL MOTOR","CHAIN, SLEEVE ROLLER","","200","200","0.86","",""
"8","R125-300514","PLATO DE EMBRAGUE","DRIVE GEAR ASSY, PRIMARY","","12","12","4.31","",""
"13","R125-300615","MAGNETO","ROLLER ASSY","","50","50","6.75","",""
"18","R125-300907","DIRECCIONAL IZQUIERDO","Turninglight, LH","","70","70","1.81","",""
"23","R125-300932AZU","MASCARILLA DE DIRECCIONAL 2021","","","25","25","7.6","",""
"28","R125-300933ROJ","DECORATIVO IZQ. DE COBERTOR ENTRE PIERNAS 2023","","","30","30","5.21","",""
"33","R125-300937NEG","TAPA LATERAL IZQUIERDA 2023","","","70","70","5.44","",""
"38","R125-301112","BARRA TELESCOPICA DERECHA","Front shock absorber, RH","","20","20","13.15","",""
"43","R125-301518","CATALINA","Buffer assembly","","150","150","3.52","",""
"48","R125-301704","TANQUE DE COMBUSTIBLE","Gasoline tank assy","","10","10","30.44","",""
"53","R125-301908","RECTIFICADOR  (6CABLES)","Adjuster, pressure","","150","150","2.22","",""
"58","R125-CL0405","VALVULA JUEGO  COLT","","","20","20","2.96","",""
"63","R125-CL0705","SENSOR DE MARCHA  125-30A","","","4","4","0.84","",""
"68","R125-CL0904","KIT SWITCH COLT","","","30","30","8.78","",""
"73","R125-CL1101BLA","GUARDAFANGO DELANTERO  COLT","","","20","20","","",""
"78","R125-CL1309","ARO DE RUEDA DELANTERA","","","20","20","17.77","",""
"83","R125-CL1407","KIT DE PISTAS COLT","","","30","30","0.87","",""
"88","R125-CL1416","RETROVISOR IZQUIERDO","","","30","30","1.31","",""
"93","R125-CL1707","ARNES ELECTRICO COLT LOC","","","10","10","20","",""
"98","R150-000223","ASIENTO DE LOS BALANCINES","Rocker Arm Support","上摇臂组合","9","9","4.23","",""
"103","R150-000606","TAPA DE PIÑON DE ARRANQUE","Idler Cover","双联齿轮盖","10","10","1.79","",""
"108","R150-000715","CABLE VELOCIMETRO","Flexible cable, odometer","里程表软轴","150","150","1.18","",""
"113","R150-000815","CABLE DE EMBRAGUE","Clutch cable unit ","离合器拉索","150","150","1.04","",""
"118","R150-000916","ASIENTO","Seat ","座垫","60","60","10.66","",""
"123","R150-000941ROJ","TANQUE DE COMBUSTIBLE CLASICA 2023","","","25","25","25.44","",""
"128","R150-001029AZU","COBERTOR DE STOP MAS BASE Y STOP 150-0  2013","","","30","30","11.84","",""
"133","R150-001220","TUBO DE ESCAPE","Exhaust muffler assy","排气消声器总成","12","12","28.77","",""
"138","R150-001408","CDI","Control, ignition","点火控制器","200","200","1.83","",""
"143","R150-002115","TUBO DE ADMISION  ( CANISTER )","","","26","26","1.98","",""
"148","R150-100401","TAPA DE CARTER DERECHA DE MOTOR","R·crankcase assy","右曲轴箱组合","10","10","15.64","",""
"153","R150-100802","RETROVISOR DERECHO","R.rr  view mirror","右后视镜","50","50","1.55","",""
"158","R150-100817","MESA DE DIRECCION","Head,steering stem","上联板","25","25","4.97","",""
"163","R150-101004NEG","GUARDAFANGO DELANTERO 2023","Install bush, rear fender","翻边衬套","30","30","7.14","",""
"168","R150-101205","PEDAL DE ARRANQUE","Starting rod assy","起动臂","40","40","3.99","",""
"173","R150-101312","PORTACATALINA CON CATALINA","Rear arrester assy","后制动器","10","10","8.58","",""
"178","R150-101416","CARBURADOR","Carburetor assy","化油器","80","80","10.16","",""
"183","R150-103306","TAPA DE EMBRAGUE","R·crankcase cover assy","右曲轴箱盖组合","25","25","16.58","",""
"188","R150-150315","EJE PEDAL DE CAMBIOS 2019","Shaft, gearshift","变档轴组合","30","30","3.73","",""
"193","R150-151705","CIGÜEÑAL","Crankshaft connecting rod assy","曲柄连杆组合","25","25","25.68","",""
"198","R150-153101","ASIENTO","Seat Pad","座垫总成","54","54","14.14","",""
"203","R150-153334","SIN FIN","","","100","100","1.89","",""
"211","R150-154501","PEDAL DE FRENO","Rear Brake Padel ","后刹车踏板","100","100","2.7","",""
"216","R150-155409","PORTA CATALINA","Fixing Basement","安装座","30","30","4.8","",""
"221","R150-1F0701","EMBRAGUE COMPLETO 73x 5","","","20","20","13.39","",""
"226","R150-1F0921","DECORTIVO INFERIOR MASCARILLAS (3PCS)","Headlight left, right, below decorative block","","40","40","1.18","",""
"231","R150-1F1618","DECORATIVO INTERIOR DE COBERTOR DE TANQUE DERECHO","Fuel tank  guard plate lined with the right","","10","10","0.5","",""
"236","R150-AR0113","TAPA DE EMBRAGUE ARMY","","","30","30","13.13","",""
"241","R150-AR0306","ARNES ELECTRICO LOC","","","30","30","22","",""
"246","R150-AR0404BLA","GUARDAFANGO DELANTERO","","","10","10","6.47","",""
"251","R150-AR0406ROJ","COBERTOR DE TANQUE DERECHO","","","30","30","3.84","",""
"256","R150-AR0410BLA","LATERAL POSTERIOR DERECHO","","","20","20","2.96","",""
"261","R150-AR0425NEG","CUBREPUÑO R/L SET COMPLETO","","","30","30","3.56","",""
"266","R150-AR0507","CABLE DE ACELERADOR 98.5cm","","","100","100","0.68","",""
"1","L125-300201","BOMBA DE ACEITE 24D","","","60","60","4.04","",""
"6","R125-300318","SELECTOR DE CAMBIO","SHIFT DRUM ASSY","","50","50","3.24","",""
"11","R125-300606","MOTOR DE ARRANQUE","STARTER ASSY","","80","80","10.06","",""
"16","R125-300806","KIT DE COMANDOS (7PCS)","","","100","100","1.67","",""
"21","R125-300918","DECORATIVO INFERIOR DEL COBERTOR ENTRE PIERNA DERECHO","","","10","10","4.07","",""
"26","R125-300933AZU","DECORATIVO IZQ. DE COBERTOR ENTRE PIERNAS 2023","","","20","20","5.21","",""
"31","R125-300934ROJ","DECORATIVO DER. DE COBERTOR ENTRE PIERNAS 2023","","","30","30","5.44","",""
"36","R125-301106","CABLE DE ACELERACION","Throttle cable","","30","30","1.44","",""
"41","R125-301303","CARBURADOR","Carburetor assy","","100","100","10.62","",""
"46","R125-301614NEG","GUARDAFANGO DELANTERO 2021","","","200","200","5.89","",""
"51","R125-301902","KIT SWICHT","Lock, bike head","","200","200","7.25","",""
"56","R125-CL0304","CILINDRO 125 COLT","","","40","40","11.03","",""
"61","R125-CL0605","TAPA DE EMBRAGUE COLT","","","50","50","12.14","",""
"66","R125-CL0902","DIRECCIONAL POSTERIOR SET","","","20","20","3.93","",""
"71","R125-CL1001ROJ","TANQUE DE COMBUSTIBLE","","","15","15","43.7","",""
"76","R125-CL1302","ARO DE RUEDA POSTERIOR","","","20","20","18.06","",""
"81","R125-CL1405","MESA COMPLETA  125 COLT","","","20","20","7.38","",""
"86","R125-CL1414","MANUBRIO DERECHO","","","20","20","0.46","",""
"91","R125-CL1504","ESCAPE   COLT","","","30","30","19.5","",""
"96","R150-000122","KIT DE CILINDRO / PISTON ALTO","","","100","100","14.42","",""
"101","R150-000528","BOMBA DE ACEITE","Pump Assy, Oil","机油泵","60","60","1.64","",""
"106","R150-000628","RETENEDOR JUEGO","","","100","100","1.47","",""
"111","R150-000808","COMANDO DERECHO","Handlebar switch, RH","右手把开关","100","100","1.79","",""
"116","R150-000833","KIT SWTCH 150 I NEW","","","196","196","6.25","",""
"121","R150-000940","CAUCHO DE ESTRIBO POSTERIOR  SET 2PCS","","","60","60","","",""
"126","R150-000943NEG","TAPA LATERAL DERECHA  CLASICA 2023","","","100","100","4.9","",""
"131","R150-001212","PEDAL DE FRENO","Pedal, rear brake ","后制动踏板","100","100","3.7","",""
"136","R150-001327","PIÑON DE VELOCIMETRO","","","100","100","2.31","",""
"141","R150-002101","DEPURADOR DE AIRE CON CAJA DE HERREMIENTA","Air cleaner assy","空气滤清器总成","50","50","5.63","",""
"146","R150-002747","CIGUEÑAL PARA PISTON ALTO","","","50","50","23.63","",""
"151","R150-100705","KIT DE SWITCH","Switch lock, ignition","点火开关锁","50","50","10.22","",""
"156","R150-100812","CABLE DE ACELERACIÓN","Cable, throttle","油门拉索","60","60","0.97","",""
"161","R150-100825","BARRA TELESCOPICA DERECHA","Damper assy, front left","前左减震器组合","50","50","14.49","",""
"166","R150-101113","CAUCHO DE ESTROBO POSTERIOR","Footrest assy, LR","后左搁脚组合","10","10","0.66","",""
"171","R150-101227NEG","PEDALDE FRENO","","","80","80","3.44","",""
"176","R150-101407","BOBINA DE ENCENDIDO","Ignition loop","点火线圈","30","30","1.89","",""
"181","R150-102515NEG","TANQUE DE COMBUSTIBLE  NEW","","螺钉M5×16","25","25","33.95","",""
"186","R150-103705ROJ","COBERTOR DE STOP","Trail cover","尾罩盖板","20","20","2.21","",""
"191","R150-151104","EJE DE OSCILANTE","Front Bolt, Torsion Bar","扭力杆螺栓(前)","20","20","2.16","",""
"196","R150-153012","ESTRIBO POSTERIOR RH NEW","","","20","20","7.97","",""
"201","R150-153216ROJ","TANQUE DE COMBUSTIBLE 2023","","","40","40","20.18","",""
"206","R150-153711NEG","TAPA LATERAL IZQUIERDA 2023","","","50","50","2.52","",""
"208","R150-153802","COMANDO IZQUIERDO COMPLETO CON MANIJA","Left Handlebar Switch","左手把开关","225","225","4.53","",""
"213","R150-155109","LUZ STOP NEW","","","30","30","5.83","",""
"218","R150-155502","DEPURADOR","Air Filter Comp.","空气滤清器总成","20","20","2.89","",""
"223","R150-1F0904","FARO  200-9 SREET","Headlight","","70","70","10.48","",""
"228","R150-1F1601NEG","TANQUE DE COMBUSTIBLE","Gasoline tank jointing assy","","50","50","23.23","",""
"233","R150-1F1634ROJ","COBERTOR DE TANQUE IZQUIERDO 2023/-","","","30","30","5.5","",""
"238","R150-AR0302","DIRECCIONAL POSTERIOR","","","40","40","4.19","",""
"243","R150-AR0402BLA","MASCARILLA DE FARO ARMY","","","20","20","2.61","",""
"248","R150-AR0404ROJ","GUARDAFANGO DELANTERO","","","30","30","6.32","",""
"253","R150-AR0407ROJ","COBERTOR DE TANQUE IZQUIERDO","","","30","30","3.84","",""
"258","R150-AR0416BLA","TANQUE DE COMBUSTIBLE","","","10","10","23.48","",""
"263","R150-AR0501","SISTEMA DE FRENO DELANTERO ARMY","","","15","15","15.34","",""
"268","R150-AR0510PLO","BARRA TELESCOPICA DERECHA","","","50","50","16.64","",""
"273","R150-AR0604","PATA DE APOYO","","","10","10","2.63","",""
"278","R150-AR0704","PORTA CATALINA C/CATALINA 5D","","","20","20","7.62","",""
"283","R150-AR0904","KIT DE CILINDRO ARMY PIN 15","","","50","50","15.34","",""
"288","R150-FR0202","BARRA TELESCOPICA IZQUIERDA","","","40","40","11.26","",""
"293","R150-FR0210","ZAPATA DE FRENO POSTERIOR","","","60","60","1.92","",""
"298","R150-FR0230","KIT DE TRANSMISION POSTERIOR COMPLETO","","","70","70","18.28","",""
"303","R150-FR0237ROJ","MANUBRIO DE ACELERACION","","","150","150","1.53","",""
"308","R150-FR0311","ARNES ELECTRICO P/ PARLANTE LOC","","","20","20","25","",""
"313","R150-FR0415","ASIENTO","","","30","30","9.92","",""
"318","R150-FR0514","DIRECCIONAL DELANTERA","","","80","80","4.86","",""
"323","R150-FR0520","BASE DE FARO","","","50","50","1.28","",""
"328","R150-FR0529BLA","CUBREPUÑO DERECHO","","","10","10","2.65","",""
"333","R150-FR0536","DECORATIVO SUPERIOR DE COBERTOR DE LUZ DE STOP","","","20","20","1.21","",""
"338","R150-FR0570ROJ","GUARDAFANGO DELANTERO 2023","","","130","130","5.25","",""
"343","R150-FR0572NEG","FRONTAL DE MASCARILLA 2023","","","80","80","6.59","",""
"348","R150-FR0574ROJ","LATERAL POSTERIO IZQUIERDO  2023","","","50","50","7.68","",""
"353","R150-FR0718","TAPA DE CARTER DERECHO","","","12","12","8.41","",""
"358","R150-FR0743","RETENEDOR JUEGO","","","50","50","1.25","",""
"363","R150-FR0754","KIT DE CILINDRO","","","50","50","15.34","",""
"368","R150-JD0201","VELOCIMETRO","","","40","40","9.73","",""
"373","R150-JD0308","CABLE DE VELOCIMETRO","","","60","60","1.01","",""
"378","R150-JD0407","KIT SWITCH","","","70","70","10.19","",""
"383","R150-JD0501","ASIENTO","","","30","30","16.45","",""
"388","R150-JD0517NEG","DECORATIVO SUPERIRO DE COBERTOR ENTREPIERNA","","","10","10","0.95","",""
"393","R150-JD0602","COMPLEMENTO DE LATERAL POSTERIOR IZQUIERDO","","","20","20","0.39","",""
"398","R150-JD0609","GUARDAFANGO POSTERIOR","","","30","30","1.54","",""
"403","R150-JD0703","BOYA DE TANQUE DE COMBUSTIBLE","","","50","50","1.54","",""
"408","R150-JD0902","MESA","","","50","50","9.47","",""
"413","R150-JD1004","SISTEMA DE FRENO DELANTERO","","","30","30","23.25","",""
"418","R150-JD1014","ARO DELANTERO NEW  JEDI 2.15x10","","","30","30","15.68","",""
"423","R150-JD1103","TUBO DE ESCAPE C/DECORATIVO JEDI","","","50","50","23.27","",""
"271","R150-AR0514","COMANDO IZQUIERDO ARMY","","","60","60","","",""
"276","R150-AR0701","ARO DE REUEDA DELANTERO 19 x 1.85","","","20","20","24.96","",""
"281","R150-AR0802","TAPA DE PIÑON MOTRIZ","","","60","60","4.15","",""
"286","R150-FR0132ROJ","PROTECTOR INFERIOR DE CHASIS 2023","","","30","30","3.33","",""
"291","R150-FR0205","ARO POSTERIOR   350x10","","","30","30","14.46","",""
"296","R150-FR0217","MESA DE SUSPENSION","","","20","20","7.26","",""
"301","R150-FR0236ROJ","MANUBRIO DE AGARRE","","","150","150","1.53","",""
"306","R150-FR0305","BUJIA","","","100","100","0.56","",""
"311","R150-FR0402","BOYA DE COMBUSTIBLE","","","70","70","1.02","",""
"316","R150-FR0506NEG","TAPA FRONTAL  SUPERIOR","","","20","20","2.69","",""
"321","R150-FR0518","SWITCH","","","70","70","6.39","",""
"326","R150-FR0528","COMANDO IZQUIERDO","","","150","150","3.02","",""
"331","R150-FR0530BLA","CUBREPUÑO IZQUIERDO","","","10","10","2.65","",""
"336","R150-FR0570BLA","GUARDAFANGO DELANTERO 2023","","","60","60","5.26","",""
"341","R150-FR0571ROJ","SPOILER INFERIOR 2023","","","30","30","8.96","",""
"346","R150-FR0573ROJ","LATERAL POSTERIO DERECHO  2023","","","50","50","7.68","",""
"351","R150-FR0708","REPOSA PIES","","","60","60","6.66","",""
"356","R150-FR0740","CIGUEÑAL","","","20","20","22.24","",""
"361","R150-FR0748","TAPA VALVULA P/CANESTER","","","10","10","2.41","",""
"366","R150-JD0102NEG","MASCARILLA DE FARO","","","50","50","6.55","",""
"371","R150-JD0303","MANUBRIO DE AGARRE","","","60","60","1.67","",""
"376","R150-JD0405","DIRECCIONAL IZQUIERDA","","","40","40","4.18","",""
"381","R150-JD0412NEG","FRONTAL DE MASCARILLA 2022","","","50","50","8.83","",""
"386","R150-JD0512","COBERTOR ENTREPIERNA","","","20","20","3.09","",""
"391","R150-JD0524","LATERAL CENTRAL IZQUIERDO 2022","","","25","25","3.44","",""
"396","R150-JD0607","DECORATIVO INFERIOR DE LUZ STOP","","","10","10","0.78","",""
"401","R150-JD0613","LATERAL POSTERIOR DERECHO 2022","","","25","25","5.78","",""
"406","R150-JD0808","ARNES ELECTRICO","","","30","30","25","",""
"411","R150-JD0908","GUARDAFANGO DELANTERO 2022","","","60","60","7.54","",""
"416","R150-JD1010","AMORTIGUADOR","","","50","50","5.17","",""
"421","R150-JD1101","DEPURADOR","","","20","20","1.97","",""
"426","R150-JD1208","ESTRIBO DERECHO","","","200","200","2.09","",""
"428","R150-JD1302","CARTER IZQUIERDO","","","10","10","14.48","",""
"431","R150-JD1305","TEMPLADOR DE CADENILLA FREEDOM","","","20","20","1.55","",""
"433","R150-JD1408","TAPA VALVULA","","","10","10","2.02","",""
"436","R150-JD1412","BANDA DISTRIBUCION 743-20-30","","","100","100","8.17","",""
"438","R150-JD1415","KIT DE TRANSMISION POSTERIOR FREEDOM","","","20","20","6.75","",""
"441","R150-JD1503","BOBINA DE MOTOR","","","50","50","5.34","",""
"443","R150-JD1506","CADENILLA DE BOMBA DE ACEITE","","","20","20","","",""
"446","R150-WR0108","AGARRADERA DERECHA","","","20","20","6.14","",""
"448","R150-WR0303","KIT SWITCH","","","60","60","10.16","",""
"451","R150-WR0407","DECORATIVO INTERIOR DE COBERTOR DE TANQUE IZQUIERDO","","","10","10","1.31","",""
"453","R150-WR0417","BOYA DE TANQUE DE COMBUSTIBLE","","","100","100","3.57","",""
"456","R150-WR0420","ESPONJA DE LATERALES POSTERIOR IZQUIERDO WOLVERINE","","","50","50","1.48","",""
"458","R150-WR0502","CUBRE CADENA 150-24 WOLVERINE","","","50","50","3.01","",""
"461","R150-WR0606ROJ","GUARDAFANGO DELANTERO","","","30","30","8.27","",""
"463","R150-WR0705","LUZ PORTAPLACA","","","20","20","2.03","",""
"466","R150-WR0803","ESTRIBO POSTERIOR IZQUIERDO","","","100","100","4.21","",""
"468","R150-WR0805","DECORATIVO DE ESTRIBO POSTERIOR IZQUIERDO","","","60","60","1.71","",""
"471","R150-WR1102","DEPURADOR","","","20","20","11.73","",""
"473","R150-WR1303","ARO DELANTERO WOLVERINE","","","30","30","30.18","",""
"476","R175-CT0101","RETROVISOR IZQUIERDO","","","30","30","10.47","",""
"478","R175-CT0103ROJ","MASCARILLA SUPERIOR","","","29","29","7.52","",""
"481","R175-CT0115","MASCARILLA FRONTAL DE FARO","","","20","20","16.48","",""
"483","R175-CT0116","FARO DELANTERO","","","30","30","34.63","",""
"486","R175-CT0119","SPOILER","","","15","15","21.32","",""
"488","R175-CT0202","COBERTOR ENTRE PIERNAS","","","10","10","7.52","",""
"491","R175-CT0207","REPOSA PIE","","","30","30","5.45","",""
"493","R175-CT0301","LATERAL POSTERIOR IZQUIERDO","","","20","20","11.43","",""
"496","R175-CT0302ROJ","LATERAL POSTERIOR DERECHO","","","15","15","11.54","",""
"498","R175-CT0304","COMPLEMENTO DE LATERAL POSTERIOR IZQUIERDO","","","15","15","1.12","",""
"501","R175-CT0309","UNION DE LATERAL POSTERIOR","","","10","10","2.41","",""
"503","R175-CT0311","LATERAL CENTRAL DERECHO","","","40","40","7.71","",""
"506","R175-CT0314","CUBIERTA DE PORTA OBJETO","","","10","10","0.82","",""
"508","R175-CT0317","CABLE DE SEGURO DE ASIENTO","","","10","10","0.29","",""
"511","R175-CT0403","PARRILLA","","","10","10","5.62","",""
"513","R175-CT0405","GUARDALODO POSTERIOR","","","10","10","1.48","",""
"516","R175-CT0413","GUARDALODO POSTERIOR SUPERIOR","","","10","10","2.52","",""
"518","R175-CT0601","KIT DE PISTAS DEL TREN DELANTERO","","","50","50","3.61","",""
"521","R175-CT0604","BARRA TELESCOPICA IZQUIERDA","","","20","20","14.17","",""
"523","R175-CT0607","PARTE POSTERIOR DE GUARDAFANGO DELANTERO","","","30","30","5.41","",""
"526","R175-CT0611","DECORATIVO DE MANUBRIO","","","40","40","1.54","",""
"528","R175-CT0614","CABLE DE VELOCIMETRO","","","50","50","1.13","",""
"531","R175-CT0617","BASE CABLE DE ACELERADOR","","","10","10","0.4","",""
"533","R175-CT0702","ARO DELANTERO","","","15","15","34.45","",""
"536","R175-CT0705","DISCO DE FRENO","","","50","50","6.44","",""
"538","R175-CT0709","ARO POSTERIOR","","","25","25","32.67","",""
"541","R175-CT0804","DECORATIVO DE ESCAPE","","","20","20","4.97","",""
"543","R175-CT1013","TAPA DEL CARTER IZQUIERDO","","","15","15","23.45","",""
"546","R175-CT1016","CARTER DERECHO","","","10","10","10.77","",""
"548","R175-CT1018","ARBOL DE LEVA  CITY MAX","","","25","25","11.18","",""
"551","R200-060105","BUJIA","SPARK PLUG","火花塞（D7型）","300","300","1.13","",""
"553","R200-060109","TAPA VALVULA CUADRADA  200-23","","","150","150","1.17","",""
"556","R200-060205","SELLO DE VALVULA","OIL SEAL CALVE STEM","挡油罩","400","400","0.11","",""
"558","R200-060306","PIÑON MOTRIZ","DRIVE SPROCKET","主动链轮","450","450","1.47","",""
"561","R200-060437","TAPA DERECHA DEL CARTER DEL MOTOR C/BALANSHAFT","","","25","25","17.91","",""
"563","R200-060611NEG","TAPA DE PIÑON MOTRIZ","L·RR COVER","左曲轴箱后盖","50","50","4.54","",""
"566","R200-060708","FARO","Headlight","前照灯","90","90","7.68","",""
"342","R150-FR0572BLA","FRONTAL DE MASCARILLA 2023","","","20","20","6.23","",""
"347","R150-FR0574NEG","LATERAL POSTERIO IZQUIERDO  2023","","","60","60","7.68","",""
"352","R150-FR0717","TAPA CARTER IZQUIERDA DE MOTOR 175-ST","","","10","10","11.85","",""
"357","R150-FR0742","ASIENTO CON BALANCIN","","","20","20","4.25","",""
"362","R150-FR0752","TUBO DE ADMISION NEW","","","10","10","1.27","",""
"367","R150-JD0103","FARO","","","60","60","4.27","",""
"372","R150-JD0307","CABLE DE ACELERACION","","","60","60","1.65","",""
"377","R150-JD0406","DIRECCIONAL DERECHA","","","40","40","4.18","",""
"382","R150-JD0412ROJ","FRONTAL DE MASCARILLA 2022","","","30","30","8.83","",""
"387","R150-JD0513","REPOSA PIE","","","30","30","2.71","",""
"392","R150-JD0525","TAPA DE BATERIA","","","10","10","0.47","",""
"397","R150-JD0608","AGARRADERA","","","100","100","8.56","",""
"402","R150-JD0701","TANQUE DE COMBUSTIBLE","","","10","10","10.38","",""
"407","R150-JD0901","KIT DE PISTAS DE TREN DELANTERO","","","10","10","1.96","",""
"412","R150-JD1003","DISCO DE FRENO DELANTERO","","","50","50","7.61","",""
"417","R150-JD1011","GUARDALODO","","","10","10","1.75","",""
"422","R150-JD1102","FILTRO DE AIRE JEDI","","","60","60","5.24","",""
"427","R150-JD1211","SOPORTE DE MOTOR","","","15","15","6.33","",""
"432","R150-JD1401","CILINDRO","","","20","20","7.73","",""
"437","R150-JD1414","EMPAQUE DE MOTOR","","","100","100","2.49","",""
"442","R150-JD1504","BOMBA DE ACEITE FREEDOM","","","20","20","0.8","",""
"447","R150-WR0109","AGARRADERA IZQUIERDA","","","20","20","6.14","",""
"452","R150-WR0410","DECORATIVO INTERIOR DE COBERTOR DE TANQUE DERECHO","","","10","10","1.31","",""
"457","R150-WR0421","ESPONJA DE LATERALES POSTERIOR DERECHA WOLVERINE","","","50","50","1.1","",""
"462","R150-WR0701","GUARDALODO SUPERIOR","","","10","10","0.04","",""
"467","R150-WR0804","DECORATIVO DE ESTRIBO POSTERIOR DERECHO","","","60","60","2.06","",""
"472","R150-WR1202","PEDAL DE FRENO","","","50","50","7.63","",""
"477","R175-CT0103GRI","MASCARILLA SUPERIOR","","","30","30","7.52","",""
"482","R175-CT0115ROJ","MASCARILLA FRONTAL DE FARO","","","20","20","16.48","",""
"487","R175-CT0201","KIT SWICH","","","40","40","7.03","",""
"492","R175-CT0209","TAPA DE CAJA DE BATERIA","","","15","15","1.49","",""
"497","R175-CT0303","COMPLEMENTO DE LATERAL POSTERIOR DERECHO","","","15","15","1.12","",""
"502","R175-CT0310","LATERAL CENTRAL IZQUIERDO","","","40","40","7.71","",""
"507","R175-CT0316","COBERTOR INFERIOR DE ASIENTO","","","20","20","2.5","",""
"512","R175-CT0404PLA","DECORATIVO DE AGARRADERA","","","30","30","7.14","",""
"517","R175-CT0501","ARNES ELECTRICO LOC","","","20","20","23","",""
"522","R175-CT0606","GUARDAFANGO DELANTERA MATE","","","30","30","7","",""
"527","R175-CT0612","MANIJA DE FRENO DERECHO","","","30","30","2.65","",""
"532","R175-CT0619","MANIJA DE FRENO DERECHO C/ BOMBA","","","30","30","7.32","",""
"537","R175-CT0706","SISTEMA DE FRENO DELANTERO","","","30","30","21.66","",""
"542","R175-CT1003","BANDA DISTRIBUCION","","","10","10","10.39","",""
"547","R175-CT1017","EMPAQUE TAPA VALVULA CITY MAX","","","20","20","1.5","",""
"552","R200-060106NEG","CABEZOTE","CYLINDER COVER GROUP","气缸头组件","30","30","32.06","",""
"557","R200-060232","PALILLO DE DISTRIBUCION JUEGO  2PCS","","","150","150","1.07","",""
"562","R200-060512NEG","TAPA DE EMBRAGUE 200-6I  250-6I C/BALANCHACK","R·crankcase cover assy","右曲轴箱盖","60","60","13.62","",""
"567","R200-060715","CABLE DE VELOCIMETRO","Flexible cable, odometer","里程表软轴","150","150","1.29","",""
"572","R200-060804","CAMANDO DERECHO","Handlebar switch, RH","","150","150","3.75","",""
"577","R200-060909NEG","COBERTOR DE TANQUE DE COMBUSTIBLE IZQUIERDO","L·decorate cover, gasoline tank","左油箱护罩","100","100","5.32","",""
"582","R200-060946","BOYA DE COMBUSTIBLE","","","50","50","1.87","",""
"587","R200-061322","PIÑON DE VELOCIMETRO","Speed counter","前轮计速器部件","50","50","2.38","",""
"592","R200-061803","CAMPANA DE FILTRO DE ACEITE","OIL FILTER COMP","机油滤清器组合","100","100","1.56","",""
"597","R200-063025","ESTRIBO DE PASAJERO IZQUIERDO","Footrest assy, LR","后左搁脚组合","100","100","3.23","",""
"602","R200-080407","TAPA IZQUIERDA DE CARTER DEL MOTOR","L·crankcase assy","左曲轴箱组合","10","10","9.5","",""
"607","R200-080803","COMANDO DERECHO","R.SWITCH ASSY","右开关组合","30","30","2.06","",""
"612","R200-080825","SISTEMA HIDRAULICO DE FRENO DELANTERO","Arrester, front hydraulic pressure plate type","前液压盘式制动器","10","10","23.21","",""
"617","R200-080938NEG","GUARDAFANGO 200-8 NEW  2018","","","40","40","10.67","",""
"622","R200-081121","CAUCHO PROTECTOR DE OSCILANTE","Protect clip, chain bar","链条护卡","20","20","1.25","",""
"627","R200-081516","ESTRIBO DEL CONDUCTOR DERECHO","FOOTREST ASSY, RH","前右搁脚","20","20","1.14","",""
"632","R200-083303","TAPA DE EMBRAGUE","R·crankcase cover assy","右曲轴箱盖组合","15","15","13.52","",""
"637","R200-096125","PIÑON DE LEVA","","","50","50","5.95","",""
"642","R200-180501","CADENILLA DE DEL MOTOR","chain","","50","50","10.13","",""
"647","R200-180813","RULIMAN DE CIGUEÑAL 6328/RS","","","30","30","1.97","",""
"652","R200-181618","BASE FARO 2020","","","80","80","4.4","",""
"657","R200-181628","BASE DE VELOCIMETRO 2020/-","","","50","50","2.07","",""
"662","R200-181706","MANUBRIO LH","Rubber ,left handlebar","","60","60","0.79","",""
"667","R200-181802","DECORATIVO INTERIOR COMPLE DE COBERTOR TANQUE LH","Fuel tank inner small bracket, L","","30","30","3.3","",""
"672","R200-181827","DECORATIVO INTERIOR COMPLE DE COBERTOR TANQUE RH","","","30","30","3.66","",""
"677","R200-181910","ASIENTO POSTERIOR","Rear Seat","","70","70","10.3","",""
"682","R200-181920NEG","TAPA LATERAL NEW RH","","","80","80","8.62","",""
"687","R200-182020","GUARDALODO POSTERIOR","","","10","10","4.53","",""
"692","R200-182309","AMORTIGUADOR","Rear Absorber","","80","80","27.2","",""
"697","R200-182420","PEDAL FRENO","","","10","10","5.13","",""
"702","R200-182714NEG","GUARDAFANGO DELANTERO 2020","","","150","150","8.9","",""
"707","R200-6C1808","ESCAPE COMPLETO","Muffler","消声器","20","20","27.28","",""
"712","R200-6E0711","CABLE DE EMBRAGUE","Clutch cable unit","","30","30","1.22","",""
"717","R200-6E1118","DECORATIVO DE VENTILACION DERECHO DEL MOTOR","","","10","10","0.66","",""
"722","R200-6E1122ROJ","COMPLEMENTO DE LATERAL POSTERIOR DERECHO 2023","","","20","20","3.54","",""
"727","R200-6E1125","MASCARILLA 3 PIEZAS THOR 2023","","","150","150","4.27","",""
"732","R200-6E1301","PEDAL DE FRENO","","","100","100","7.15","",""
"737","R200-6E1309","ESTRIBO DE CONDUCTOR DERECHO","","","20","20","3.31","",""
"742","R200-6E1415NEG","TANQUE DE COMBUSTIBLE","","","30","30","43.12","",""
"747","R200-9S1401","DECORATIVO DE VENTILACION","Ventilation hood","","150","150","1.52","",""
"752","R200-9S1910","DISCO DE FRENO DELANTERO  200-9 STREET","Front disc brake plate","","200","200","10.64","",""
"757","R200-9S2012","COMANDO IZQUIERDZ|O","Left handlebar switches","","200","200","7.09","",""
"568","R200-060718","DIRECCIONAL DELANTERA  DERECHO","Turninglight, LH","前左转向灯","300","300","2.37","",""
"573","R200-060811","COMANDO IZQUIERDO","Handlebar switch, LH","左手把开关","150","150","3.27","",""
"578","R200-060918NEG","COBERTOR DE TANQUE DE COMBUSTIBLE DERECHO","R·decorate cover, gasoline tank","右油箱护罩","100","100","5.32","",""
"583","R200-061001","LUZ DE STOP","Taillight assy","尾灯总成","50","50","3.96","",""
"588","R200-061324","EJE DE RUEDA DELANTERA","Front wheel axle","前轮轴","10","10","3.5","",""
"593","R200-061811","BOMBA DE ACEITE","PUMP BODY","机油泵体","100","100","1.82","",""
"598","R200-063032","PEDAL DE CAMBIO LARGO","","","50","50","3.92","",""
"603","R200-080705","DIRECCIONAL DELANTERA DERECHA","TURNLINHT FRONT, R","前右转向灯","20","20","1.61","",""
"608","R200-080808","MANIJA DE EMBRAGUE","CLUTCH LEVER","离合器手柄","30","30","3.49","",""
"613","R200-080830","PASTILLAS DE FRENO","Front arrester, piece","前碟刹蹄片","50","50","2.87","",""
"618","R200-080938ROJ","GUARDAFANGO 200-8 NEW  2018","","","20","20","10.67","",""
"623","R200-081306","DISCO DE FRENO DELANTERO","Front brake disc","前制动盘","50","50","5.12","",""
"628","R200-081524","ESTRIBO DEL CONDUCTOR IZQUIERDO","FOOTREST ASSY, LH","前左搁脚","20","20","1.14","",""
"633","R200-083322","TAPA DE PIÑON MOTRIZ ","L·Rr cover","左曲轴箱后盖","30","30","2.48","",""
"638","R200-180111","BALANCIN JUEGO 2PCS","Swing arm","","20","20","16","",""
"643","R200-180502","TEMSOR DESLIZADOR DE CADENILLA JUEGO","TENSION PLATE","","20","20","3.14","",""
"648","R200-181307","TAPA DE PIÑON ARRANQUE","TY 12 type cover","","10","10","2.62","",""
"653","R200-181619","DECORATIVO POSTERIOR DE MASCARILLA 2020","","","80","80","2.62","",""
"658","R200-181701","DECORATIVO DE MANUBRIO","Balance block assy, sapect hold","","50","50","3.87","",""
"663","R200-181711","CABLE DE ACELERADOR","Throttle cable","","100","100","1.07","",""
"668","R200-181803","COMPLEMENTO DE COBERTOR DE TANQUE IZQUIERDO","Fuel tank inner big bracket, L","","200","200","1.68","",""
"673","R200-181832NEG","COBERTOR DE TANQUE DE COMBUSTIBLE NEW LH","","","80","80","5.28","",""
"678","R200-181911","ASIENTO DELANTERO","Front Seat","","50","50","10.3","",""
"683","R200-181921NEG","TAPA LATERAL NEW LH","","","80","80","8.62","",""
"688","R200-182106","MANIJA DE FRENO SIN BASE","Lever,   Front  Brake","MANIJA DE FRENO SIN BASE","25","25","1.33","",""
"693","R200-182311","CUBRE CADENA","Chain Box","","10","10","8.53","",""
"698","R200-182512","BOBINA DE BUJIA  150-15","Ignition Loop","","50","50","1.68","",""
"703","R200-182806","EJE DE RUEDA POSTERIOR","Rear Wheel Axle","","10","10","3.04","",""
"708","R200-6C2110","KIT SWITCH","","","100","100","6.87","",""
"713","R200-6E0712","CABLE DE ACELERACION","Throttle cable","","100","100","1.76","",""
"718","R200-6E1119","DECORATIVO DE VENTILACION IZQUIERDO DEL MOTOR","","","10","10","0.66","",""
"723","R200-6E1123NEG","COBERTOR DE TANQUE IZQUIERDO 2023","","","30","30","7.27","",""
"728","R200-6E1126NEG","LATERAL POSTERIOR IZQUIERDO THOR 2023","","","30","30","4.96","",""
"733","R200-6E1304","PEDAL DE ARRANQUE","","","30","30","4.63","",""
"738","R200-6E1310","ESTRIBO DE PASAJERO IZQUIERDO","","","20","20","3.83","",""
"743","R200-6E1415ROJ","TANQUE DE COMBUSTIBLE","","","10","10","32.69","",""
"748","R200-9S1402","DECORATIVO DE TANQUE DELANTERO","Decoration cover  fuel tank.H","","50","50","1.65","",""
"753","R200-9S1929","CATALINA 42D  5 HUECOS","Bearung buffer body","","500","500","4.6","",""
"758","R200-9S2013","COMANDO DERECHO","Right handlebar switches","","200","200","2.55","",""
"762","R200-9S2020","BARRA TELESCOPICA IZQUIERDA","Left front shock absorber","","30","30","24.12","",""
"763","R200-9S2021","SISTENA DE FRENO DELANTERA","Front arrester assy","","10","10","28.45","",""
"767","R200-VR1005","AGARRADERA"," Rear handrest","","20","20","10.49","",""
"768","R200-VR1102NEG","DECORATIVO DE MASCARILLA DERECHO VORTEX II","","","1","1","2.75","",""
"772","R200-VR1301NEG","GUARDAFANGO DELANTERO","","","20","20","8.15","",""
"773","R200-VR1301ROJ","GUARDAFANGO DELANTERO","","","20","20","8.15","",""
"777","R200-VR1405","GUARDAFANGO POSTERIOR","Small rear retaining mud","","200","200","3.83","",""
"778","R200-VR1406","LUZ PORTAPLACA","Rear license plate light","","100","100","3.58","",""
"782","R200-VR1726","DECORATIVO DE MANUBRIO","Hose fixing bracket, front disc brake","","8","8","1.41","",""
"783","R200-VR1730","KIT SWICHT","","","20","20","9.64","",""
"787","R200-VR1905","ESTRIBO DE CONDUCTOR DERECHO","","","150","150","2.66","",""
"788","R200-VR1906","ESTRIBO DE CONDUCTOR IZQUIERDO","","","150","150","2.32","",""
"792","R250-060308","KIT DE UÑETA Y SELECTOR DE CAMBIO (JUEGO)","Gearshift drum assy","变速鼓","50","50","5.51","",""
"793","R250-060317","CAJA DE CAMBIO","","","200","200","19.08","",""
"797","R250-061331","CATALINA 250-6I 2020 38D.","","","107","107","6.11","",""
"798","R250-061713","CIGUEÑAL C/BALANSHACK 2019","","","150","150","33.17","",""
"802","R250-063012","ESTRIBO DELANTERO  DERECHO","Footrest assy, RH","前右搁脚组合","50","50","4.92","",""
"803","R250-063014","ESTRIBO DELANTERO IZQUIERDO","Footrest assy, LH","前左搁脚组合","50","50","4.92","",""
"807","R250-080803","TENSOR Y DESLIZADOR DE CADENILLA 2PCS 250-8 TITAN","","","20","20","","",""
"808","R250-080903","FILTRO DE ACEITE 250-8 TITAN","","","30","30","","",""
"812","R250-081103","DECORATIVO DE MASCARILLA DERECHO 250-8 TITAN","","","30","30","3.72","",""
"813","R250-081104","DECORATIVO DE MASCARILLA IZQUIERDO 250-8 TITAN","","","50","50","3.72","",""
"817","R250-081212","TIMON 250-08 TITAN LOC","","","60","60","4.6","",""
"818","R250-081213","KIT SWITCH 250-08 TITAN B/INV.","","","61","61","","",""
"822","R250-181214NEG","DECORATIVO DE TIMON 250-18D","","","6","6","2.62","",""
"823","R250-181305","ESTRIBO DE PASAJERO IZQUIERDO 250-18D","","","30","30","3.39","",""
"827","R250-181403","TUBO DE ADMISION ZJ132  250-18D","","","20","20","1.82","",""
"828","R250-181404","CARBURADOR 250-18D","","","30","30","21.31","",""
"832","R250-5A1713","CIGUEÑAL  250-6A  SPORT-R SPORTII  250-9A AVENTURE LOC","","","25","25","85","",""
"833","R250-5A4012","TENSOR Y DESLIZADOR DE CADENILLA  JUEGO  250-6A","","","120","120","2.84","",""
"837","R250-9A1206","DECORATIVO DE FARO SET (2PCS) NEW","Hglue","","5","5","6.85","",""
"838","R250-9A1209","DIRECCIONAL DELANTERA","Turninglight, RH","","30","30","3.6","",""
"842","R250-9A1417NEG","CUBIERTA DE STOP","Tail cover","","15","15","5.62","",""
"843","R250-9A1417ROJ","CUBIERTA DE STOP","Tail cover","","15","15","5.62","",""
"847","R250-9A1611","KIT SWICHT","Lock, bike head","","20","20","9.08","",""
"848","R250-9A1625","CABLE DE ACELERADOR","Throttle cable","","30","30","0.95","",""
"852","R250-9A2012","PIÑON DE VELOCIMETRO","Speed counter","","30","30","2.3","",""
"853","R250-9A2021","DISCO DE FRENO DELANTRO 2022/- NEW  A-VENTURE","","","50","50","","",""
"857","R250-9S2509","TUBO ESCAPE  SPORT-R","Muffler","","120","120","45.99","",""
"858","R250-II0102","FLASH","","","100","100","0.7","",""
"862","R250-II0202","AMORTIGUADOR","","","10","10","19.6","",""
"863","R250-II0204","MESA DE DIRECCION","","","6","6","9.2","",""
"867","R250-II0301NEG","MASCARILLA  CHEIF II","Headlight assembly plate","","50","50","8.83","",""
"868","R250-II0302","FARO DELANTERO CHEIF II","Headlight","","120","120","18.17","",""
"872","R250-II0307","LUZ STOP","Tail light","","20","20","4.79","",""
"873","R250-II0311","MASCARILLA  CHEIF II MATE","","","50","50","8.35","",""
"877","R250-II0316","ASIENTO DELANTERO","","","30","30","4.23","",""
"878","R250-II0317","ASIENTO POSTERIOR","","","80","80","3.97","",""
"882","R250-II0321ROJ","TANQUE DE COMBUSTIBLE NEW","","","30","30","31.48","",""
"883","R250-II0321VRD","TANQUE DE COMBUSTIBLE NEW","","","25","25","29.76","",""
"887","R250-II0401","COBERTOR DE TANQUE DERECHO CHEIF II","Speedometer cover","","20","20","1.33","",""
"888","R250-II0402","COBERTOR DE TANQUE IZQUIERDO CHEIF II","Fule tank left cover","","20","20","1.33","",""
"892","R250-II0411","GUARDAFANGO DELANTERO CHEIF II MATE","Front fender","","20","20","9.85","",""
"893","R250-II0414","TAPA CENTRAL DEL ASIENTO POSTERIOR CHEIF II","Middel cover,Rear","","30","30","4.6","",""
"897","R250-II0425","GUARDAFANGO POSTERIOR","","","30","30","2.18","",""
"898","R250-II0426","DECORATIVO DE MOTOR IZQUIERDO","","","30","30","4.6","",""
"902","R250-II0430","GUARDALODO","","","5","5","3.84","",""
"903","R250-II0432","SPOILER","","","60","60","1.09","",""
"907","R250-II0435VRD","LATERAL DE MASCARILLA DERECHO CHIEF II 2022/-","","","50","50","14.88","",""
"908","R250-II0436","LATERAL DE MASCARILLA IZQUIERDO CHIEFII  2022/-","","","80","80","14.88","",""
"912","R250-II0437ROJ","LATERAL CENTRAL DE MASCARILLA RH CHIEF II 2022/-","","","50","50","14.88","",""
"913","R250-II0437VRD","LATERAL CENTRAL DE MASCARILLA RH CHIEF II 2022/-","","","40","40","14.88","",""
"917","R250-II0439","LATERAL POSTERIOR DERECHO 2022/-","","","20","20","5.82","",""
"918","R250-II0439ROJ","LATERAL POSTERIOR DERECHO 2022/-","","","30","30","5.57","",""
"922","R250-II0440VRD","LATERAL POSTERIOR IZQUIERDO 2022/-","","","20","20","6.64","",""
"923","R250-II0441","TAPA LATERAL DERECHA 2022/-","","","20","20","2.94","",""
"927","R250-II0445","GUARDAFANGO DELANTERO PARA BARRA INVERTIDA","","","60","60","10.88","",""
"928","R250-II0445ROJ","GUARDAFANGO DELANTERO PARA BARRA INVERTIDA","","","50","50","10.88","",""
"932","R250-II0503","COMANDO IZQUIERDO   CHEIF II","HANDLE GRIP, LEFT","","100","100","2.09","",""
"933","R250-II0504","COMANDO DERECHO     CHEIF II","HANDLE GRIP, RIGHT","","100","100","2.09","",""
"937","R250-II0512","PIÑON MOTRIZ  CHEIF II","","","100","100","1.15","",""
"938","R250-II0513","TIMON RH CHEIF II","","","30","30","6.67","",""
"942","R250-II0518","BARRA TELESCOPICA DERECHA","","","20","20","18.63","",""
"943","R250-II0519","BARRA TELESCOPICA IZQUIERDA","","","20","20","18.63","",""
"947","R250-II0526","BARRA TELESCOPICA INVERTIDA IZQUIERDO","","","30","30","63.99","",""
"948","R250-II0527","BARRA TELESCOPICA  INVERTIDA DERECHO","","","30","30","63.99","",""
"952","R250-II0606","EMBRAGUE COMPLETO  CHEIF II","CLUTCH ASSY.","","20","20","23.61","",""
"953","R250-II0607","CAJA DE CAMBIO  CHEIF II","DRIVING / DRIVEN GEAR","","70","70","21.23","",""
"957","R250-II0613","ENFRIADOR DE ACEITE","","","50","50","21.63","",""
"958","R250-II0614","CADENILLA DE MOTOR","","","40","40","4.59","",""
"962","R250-II0625","UÑETAS Y SELECTOR DE CAMBIO JUEGO","","","30","30","6.34","",""
"963","R250-II0631","TUBO DE ADMISION","","","10","10","1.74","",""
"967","R250-II0644","SOPORTE FARO Y VELOCIMETRO METALICO","","","10","10","9.21","",""
"968","R250-II0701","ESTRIBO DE CONDUCTOR DERECHO  CHEIF II","FRONT FOOTREST, RIGHT","","300","300","5.31","",""
"972","R250-II0705","PEDAL DE CAMBIO CHEIF II","PEDAL GEAR","","250","250","5.08","",""
"973","R250-II0706","PEDAL DE FRENO","","","250","250","1.6","",""
"977","R250-II0803","CATALINA               CHEIF II","REAR SPROCKET","","100","100","3.35","",""
"978","R250-II0804","PIÑON DE VELOCIMETRO CHEIF II","Front odometer","","50","50","2.64","",""
"982","R250-II0812","CADENA","","","30","30","6.88","",""
"983","R250-II0819","PASTILLA DE FRENO POSTERIOR","","","100","100","3.63","",""
"987","R250-II0824","SISTEMA DE FRENO DELANTERO (B.INV)","","","20","20","52.72","",""
"988","R250-II0825","DISCO DE FRENO DELANTERO PARA BARRA INV.","","","50","50","15.73","",""
"992","R250-SP1708","DIRECCIONAL DELANTERA JUEGO SPORT II  3CABLES","","","200","200","9.61","",""
"993","R250-SP1915NEG","GUARDAFANGO DELANTERO SPORT II 2023/-","","","60","60","5.69","",""
"781","R200-VR1710","MANIJA DE EMBRAGUE","Clutch lever assy","","200","200","4.7","",""
"786","R200-VR1904","PEDAL DE ARRANQUE","","","200","200","4.16","",""
"791","R250-060214","PALILLO DE DISTRIBUCION JUEGO  2PCS","Pushrod assy","推杆组合","150","150","1.21","",""
"796","R250-060933","STICKERS SET 250-6I 2023/-","","","50","50","41.03","",""
"801","R250-063004","PEDAL DE FRENO 250-6I 2019/-","Split pinφ1.5×20","开口销1.5×20","100","100","5.69","",""
"806","R250-080801","MAGNETO 250-8 TITAN","","","20","20","","",""
"811","R250-081102","VELOCIMETRO 250-8 TITAN 250-6A","","","30","30","29.46","",""
"816","R250-081211","CUBREPUÑO IZQUIERDO 250-8 TITAN","","","30","30","6.36","",""
"821","R250-181203","COMANDO IZQUIERDO 250-18D","","","30","30","3.37","",""
"826","R250-181402","CANISTER COMPLETO  250-18D","","","30","30","9.37","",""
"831","R250-181802","LUZ STOP 250-18D","","","40","40","3.76","",""
"836","R250-9A1201","PARABRIZA","Windshield","","30","30","13.82","",""
"841","R250-9A1308","VELOCIMETRO A-VENTURE (6 SPEED) 2023/-","","","20","20","38.49","",""
"846","R250-9A1606","COMANDO IZQUIERDO","Handlebar switch, LH","","82","82","3.98","",""
"851","R250-9A1818","DEPURADOR","Air cleaner assy","","10","10","10.52","",""
"856","R250-9S2316","DISCO DE FRENO POSTERIOR","","","300","300","5.63","",""
"861","R250-II0106","ARNE ELECTRICO","","","30","30","20.52","",""
"866","R250-II0224","MESA COMPLETA 2023 PARA BARRA INVERTIDA","","","15","15","34.48","",""
"871","R250-II0305","COBERTOR DE VELOCIMETRO CHEIF II","SPEEDOMETER COVER","","30","30","2.3","",""
"876","R250-II0315","CO0BERTOR INFERIOR DE MASCARILLA","","","40","40","2.18","",""
"881","R250-II0321","TANQUE DE COMBUSTIBLE NEW","","","40","40","31.48","",""
"886","R250-II0322VRD","FRONTAL DE MASCARILLA 2022","","","30","30","7.5","",""
"891","R250-II0406","COMPLEMENTO DE TAPA LATERAL DERECHA CHEIF II","Middle decoration Cover , Right","","10","10","2.85","",""
"896","R250-II0424","DECORATIVO REJILLA LH","","","20","20","0.97","",""
"901","R250-II0429","DECORATIVO DERECHO DE LATERAL DE MASCARILLA","FRONT RIGHT SIDE PLATE","","20","20","1.33","",""
"906","R250-II0435ROJ","LATERAL DE MASCARILLA DERECHO CHIEF II 2022/-","","","70","70","14.88","",""
"911","R250-II0437","LATERAL CENTRAL DE MASCARILLA RH CHIEF II 2022/-","","","60","60","14.88","",""
"916","R250-II0438VRD","LATERAL CENTRAL DE MASCARILLA LH CHIEF II 2022/-","","","40","40","14.88","",""
"921","R250-II0440ROJ","LATERAL POSTERIOR IZQUIERDO 2022/-","","","30","30","5.57","",""
"926","R250-II0442NEG","TAPA LATERAL IZQUIERDA 2022/-","","","20","20","2.94","",""
"931","R250-II0502","MANUBRIO DERECHO    CHEIF II","","","30","30","1.02","",""
"936","R250-II0511","KIT SWITCH CHEIF II","","","50","50","8.35","",""
"941","R250-II0516","MANIJA DE FRENO","","","50","50","3.97","",""
"946","R250-II0525","TIMON DERECHO 2023","","","100","100","12.16","",""
"951","R250-II0605","CINTA DE ARRANQUE  CHEIF II","START CLUTCH GEAR","","30","30","13.85","",""
"956","R250-II0612","DEPURADOR","","","10","10","4.22","",""
"961","R250-II0619","CARTER IZQUIERDO","","","10","10","44.32","",""
"966","R250-II0643","CAÑERIA DEL ENFRIADOR DE ACEITE SET 2PCS","","","60","60","6.4","",""
"971","R250-II0704","ESTRIBO DEL PASAJERO IZQUIERDO CHEIF II","REAR FOOTREST, LEFT","","50","50","4.44","",""
"976","R250-II0802","ARO POSTERIOR  CHEIF II","REAR WHEEL","","30","30","35.84","",""
"981","R250-II0811","DISCO DE FRENO POSTERIOR","","","50","50","5.2","",""
"986","R250-II0823","BOMBA DE FRENO POSTERIOR","","","10","10","12.8","",""
"991","R250-SP1516NEG","TANQUE DE COMBUSTIBLE 2023/-","","","50","50","42.58","",""
"5","R125-300314","PIÑON MOTRIZ C/SEGURO 14D","SOPPER, DRIVE","","150","150","0.68","",""
"10","R125-300601","BOBINA DE MOTOR","STATOR ASSY","","50","50","5.32","",""
"15","R125-300630","CADENILLA DE ARRANQUE ELECTRICO LOC","","","200","200","2.68","",""
"20","R125-300917","DECORATIVO INFERIOR DEL COBERTOR ENTRE PIERNA IZQUIERDO","","","10","10","4.07","",""
"25","R125-300932ROJ","MASCARILLA DE DIRECCIONAL 2021","","","12","12","7.62","",""
"30","R125-300934NEG","DECORATIVO DER. DE COBERTOR ENTRE PIERNAS 2023","","","50","50","5.21","",""
"35","R125-301102","RETROVISOR IZQUIERDO","Rear-view mirror, LH","","100","100","1.55","",""
"40","R125-301123","RETROVISOR DERECHO","","","100","100","1.55","",""
"45","R125-301614AZU","GUARDAFANGO DELANTERO 2021","","","80","80","5.89","",""
"50","R125-301806","TAPA DE BATERIA","The glove compartment lid","","10","10","1.07","",""
"55","R125-CL0302","CIGUEÑAL 150-24 COLT","","","20","20","17.79","",""
"60","R125-CL0602","DECORATRIVO DE TAPA DE EMBRAGUE","","","50","50","2.05","",""
"65","R125-CL0805","TAPA BOBINA DE MOTOR","","","25","25","6.81","",""
"70","R125-CL1001NEG","TANQUE DE COMBUSTIBLE","","","15","15","43.7","",""
"75","R125-CL1203","AMORTIGUADOR SET  COLT","","","25","25","15.83","",""
"80","R125-CL1401","BARRA TELESCOPICA IZQUIERDA","","","1","1","7.38","",""
"85","R125-CL1412","MANIJA DE FRENO","","","30","30","2.41","",""
"90","R125-CL1502","CARBURADOR  COLT","","","20","20","11","",""
"95","R150-000119","CABEZOTE PARA CANISTER","","","50","50","24.16","",""
"100","R150-000230","KIT DE ARBOL  DE LEVA C/PIÑON DE CIGUEÑAL","","","200","200","4.88","",""
"105","R150-000624","BOBINA DEL MOTOR","Stator, Magneto","磁电机定子组合","400","400","9.86","",""
"110","R150-000801","COBERTOR DE SWITCH","Ignition switch cover","点火开关罩","192","192","0.55","",""
"115","R150-000824","BARRA TELESCOPICA IZQUIERDO","Front shock absorber, LH","前右减震器","60","60","16.69","",""
"120","R150-000926","STIKER 150 I NEW","","","3","3","0.6","",""
"125","R150-000942ROJ","TAPA LATERAL IZQUIERDA  CLASICA 2023","","","70","70","4.9","",""
"130","R150-001107","CADENA","Chain bar","链条 ","1000","1000","4.08","",""
"135","R150-001325","PASTILLA DE FRENO DELANTERA","","","150","150","1.22","",""
"140","R150-001416NEG","ALARMA MAS CONTROL","","","56","56","10.55","",""
"145","R150-002744","CAJA DE CAMBIO  150-08","","","300","300","13.05","",""
"150","R150-100704","CABLE DEL VELOCIMETRO","Cable, odometer","里程表软轴","50","50","1.01","",""
"155","R150-100807","COMANDO DE IZQUIERDO","Handlebar switch, LH","左手把开关","100","100","4.71","",""
"160","R150-100824","BARRA TELESCOPICA IZQUIERDA","Damper assy, front right","前右减震器组合","50","50","14.49","",""
"165","R150-101011GRI","LUZ DE STOP","Tail light","尾灯总成","30","30","3.83","",""
"170","R150-101217","ESTRIBO SIN PATA DE APOYO","Washer 6-140HV-Zn·D","垫圈6-140HV-Zn·D","80","80","5.94","",""
"175","R150-101403","DEPURADOR","Air cleaner assy","空滤器总成","20","20","3.36","",""
"180","R150-102511","LLAVE DE PASO DE GASOLINA","Fuel switch","燃油开关","20","20","1.03","",""
"185","R150-103705NEG","COBERTOR DE STOP","Trail cover","尾罩盖板","20","20","2.21","",""
"190","R150-150710","VELOCIMETRO NEW 2021","","","150","150","18.42","",""
"195","R150-152202","TUBO DE ESCAPE ","Muffler Comp. ","排气消声器总成","50","50","18.51","",""
"200","R150-153216NEG","TANQUE DE COMBUSTIBLE 2023","","","40","40","20.18","",""
"205","R150-153710ROJ","TAPA LATERAL DERECHA 2023","","","30","30","2.52","",""
"210","R150-153812","CABLE DE ACELERACION","Throttle Cable","油门线","100","100","1.05","",""
"215","R150-155403","EJE DE RUEDA POSTERIOR","Rear Wheel Axle","后轮轴","10","10","1.69","",""
"220","R150-1F0105","ASIENTO  150-10F","","","10","10","22.23","",""
"225","R150-1F0910","VELOCIMETRO","Instrument","","50","50","32.71","",""
"230","R150-1F1613","DECORATIVO INTERIOR DE COBERTOR DE TANQUE IZQUIERDO","Fuel tank  guard plate lined with the left","","10","10","0.55","",""
"235","R150-1F1635ROJ","COBERTOR DE TANQUE DERECHO 2023/-","","","30","30","5.5","",""
"240","R150-AR0305","KIT SWITCH ARMY","","","40","40","7.03","",""
"245","R150-AR0402ROJ","MASCARILLA DE FARO ARMY","","","40","40","2.52","",""
"250","R150-AR0406NEG","COBERTOR DE TANQUE DERECHO","","","50","50","3.96","",""
"255","R150-AR0409BLA","COMPLEMENTO DE LATERAL POSTERIOR IZQUIERDO","","","20","20","2.28","",""
"260","R150-AR0416ROJ","TANQUE DE COMBUSTIBLE","","","20","20","23.96","",""
"265","R150-AR0506","KIT DE PISTAS","","","60","60","1.69","",""
"270","R150-AR0512","MESA COMPLETA ARMY","","","30","30","17.92","",""
"275","R150-AR0608","PEDAL FRENO ARMY","","","50","50","","",""
"280","R150-AR0801","TAPA DE BOBINA DE MOTOR ARMY","","","30","30","9.85","",""
"285","R150-FR0132NEG","PROTECTOR INFERIOR DE CHASIS 2023","","","50","50","3.33","",""
"290","R150-FR0204","ARO DELANTERO  350x10","","","20","20","13.74","",""
"295","R150-FR0215","PIÑON DE VELOCIMETRO","","","20","20","1.41","",""
"300","R150-FR0236NEG","MANUBRIO DE AGARRE","","","150","150","1.53","",""
"305","R150-FR0242","RODILLO DE TRANSMISION DELANTERA","","","50","50","2","",""
"310","R150-FR0401","TANQUE DE COMBUSTIBLE","","","5","5","6.29","",""
"315","R150-FR0503","VELOCIMETRO","","","50","50","31.62","",""
"320","R150-FR0516","GUARDAFANGO POSTERIOR","","","40","40","1.81","",""
"325","R150-FR0527","COMANDO DERECHO","","","150","150","3.02","",""
"330","R150-FR0530","CUBREPUÑO IZQUIERDO","","","30","30","2.56","",""
"335","R150-FR0551","FARO NEW","","","60","60","5.79","",""
"340","R150-FR0571NEG","SPOILER INFERIOR 2023","","","50","50","8.96","",""
"345","R150-FR0573NEG","LATERAL POSTERIO DERECHO  2023","","","60","60","7.68","",""
"350","R150-FR0707","KIT BENDIX DEL ARRANQUE","","","50","50","10.47","",""
"355","R150-FR0731","EMPAQUE DE MOTOR","","","150","150","2.36","",""
"360","R150-FR0747","FILTRO DE ACEITE","","","20","20","1.23","",""
"365","R150-JD0101","RETROVISORES JUEGO","","","50","50","4.01","",""
"370","R150-JD0302","MANUBRIO DE ACELERACION","","","60","60","1.67","",""
"375","R150-JD0403","DECORATIVO DE FRONTAL","","","50","50","0.39","",""
"380","R150-JD0411","SPOILER JEDI 2022","","","55","55","11.17","",""
"385","R150-JD0507","DECORATIVO INTERIO DE PORTA OBJETO","","","15","15","0.21","",""
"390","R150-JD0523","LATERAL CENTRAL DERECHO 2022","","","25","25","3.44","",""
"395","R150-JD0606","LUZ DE STOP","","","60","60","8.5","",""
"400","R150-JD0612","LATERAL POSTERIOR IZQUIERDO 2022","","","25","25","5.78","",""
"405","R150-JD0802","BOBINA DE BUJIA","","","20","20","2.11","",""
"410","R150-JD0904","BARRA TELESCOPICA DERECHA","","","30","30","10.26","",""
"415","R150-JD1007","PASTILLA DE FRENO","","","100","100","1.55","",""
"420","R150-JD1016","MORDAZA JEDI","","","20","20","11.99","",""
"425","R150-JD1207","ESTRIBO IZQUIERDO","","","200","200","2.09","",""
"430","R150-JD1304","TENSOR Y DESLIZADOR DE CADENILLA SET FREEDOM","","","30","30","0.84","",""
"435","R150-JD1411","MOTOR DE ARRANTE FREEDOM","","","10","10","11.35","",""
"440","R150-JD1417","TAPA DE CARTER IZQUIERDO","","","15","15","14.69","",""
"445","R150-JD1510","MAGNETO C/BOBINA DE MOTOR FREEDOM","","","10","10","11","",""
"450","R150-WR0305BLA","DECORATIVO DE MASCARILLA DERECHO","","","20","20","1.62","",""
"455","R150-WR0419","ESPONJA DE COBERTOR DERECHO WOLVERINE","","","50","50","1.08","",""
"460","R150-WR0606NEG","GUARDAFANGO DELANTERO","","","50","50","8.27","",""
"465","R150-WR0802","ESTRIBO POSTERIOR DERECHO","","","100","100","4.21","",""
"470","R150-WR0905","CABLE DE ACELERADOR","","","100","100","1.08","",""
"475","R150-WR1402","AUTOMATICO CABLE CORTO","","","100","100","2.32","",""
"480","R175-CT0113","VELOCIMETRO","","","30","30","18.99","",""
"485","R175-CT0118","DIRECCIONAL DELANTERA IZQUIERDA","","","30","30","5.03","",""
"490","R175-CT0205","DECORATIVO INTERIOR DE GUANTERA","","","10","10","0.78","",""
"495","R175-CT0302","LATERAL POSTERIOR DERECHO","","","20","20","11.43","",""
"500","R175-CT0305ROJ","CUBIERTA DE STOP","","","10","10","2.26","",""
"505","R175-CT0313","PORTA OBJETO","","","10","10","6.73","",""
"510","R175-CT0402","LUZ DE STOP","","","30","30","17.17","",""
"515","R175-CT0410","BOYA DE COMBUSTIBLE","","","30","30","1.6","",""
"520","R175-CT0603","BARRA TELESCOPICA DERECHA","","","20","20","14.17","",""
"525","R175-CT0609","MANUBRIO DE AGARRE","","","30","30","0.73","",""
"530","R175-CT0616","CABLE DE FRENO POSTERIOR","","","60","60","1.74","",""
"535","R175-CT0704","PIÑON DE VELOCIMETRO","","","10","10","1.87","",""
"540","R175-CT0803","TUBO DE ESCAPE C/DECORATIVO","","","40","40","22.09","",""
"545","R175-CT1015","CARTER IZQUIERDO","","","30","30","29.08","",""
"550","R175-CT1201","BOBINA DE MOTOR","","","5","5","8.79","",""
"555","R200-060127","KIT DE CILINDRO VORTEX THOR 200-9  200-9S","","","200","200","16.24","",""
"560","R200-060435","CINTA DE ARRANQUE O BENDIX   250-06","","","150","150","6.79","",""
"565","R200-060627NEG","MOTOR DE ARRANQUE 11D 2016 C/BALANSHAFT","","","50","50","11.26","",""
"570","R200-060801","RETROVISOR  DERECHO","Rear-right view mirror","右后视镜","150","150","1.62","",""
"575","R200-060828","CABLE DE EMBRAGUE","Clutch cable unit","离合器拉索","200","200","1.22","",""
"580","R200-060930","SWICH DE ENCENDIDO MAS TAPA ","","","150","150","9.26","",""
"585","R200-061117","CADENA ","Chain bar","链条","450","450","5.33","",""
"590","R200-061531","BATERIA","Battery","蓄电池","200","200","12.4","",""
"595","R200-062104","CARBURADOR","Carburetor assy","化油器总成","150","150","13.39","",""
"600","R200-080113","TAPA DE VALVULAS","Cylinder Head Cover","气缸头盖","10","10","4.67","",""
"605","R200-080714","DIRECCIONAL POSTERIOR  DERECHA","Turnlight back, R","后右转向灯","30","30","1.61","",""
"610","R200-080822","CABLE DE ACELERACION","THROTTLE  CABLE COMP","油门操纵线","60","60","1.3","",""
"615","R200-080832","BARRA TELESCOPICA IZQUIERDA","L．FABSORBOR","左前减震器","40","40","25.06","",""
"620","R200-080948NEG","LATERAL POSTERIOR DERECHO SMX-8  2022","","","20","20","5.44","",""
"625","R200-081402","SOPORTE DE BATERIA","BATTERY BOX","蓄电池支架","10","10","0.6","",""
"630","R200-082106","TUBO DE ADMISION","Enter windpipe assy","进气管组合","10","10","1.91","",""
"635","R200-096109","JUEGO DE EMPAQUES","","","120","120","1.36","",""
"640","R200-180225","EMPAQUE DE MOTOR JUEGO","","","200","200","1.61","",""
"645","R200-180613","VISUALIZADOR","OIL INSPECTION HOLE","","48","48","0.79","",""
"650","R200-181605","SOPORTE DE FARO POSTERIOR","Bracket , Headlight","","60","60","10.12","",""
"655","R200-181622","DECORATIVO DE MASCARILLA SUPERIOR 2020","","","50","50","2.3","",""
"660","R200-181703","COMANDO RH","Handlebar switch, RH","","120","120","3.42","",""
"665","R200-181801NEG","TANQUE DE COMBUSTIBLE","Gasoline Tank Jointing assy","","40","40","47.09","",""
"670","R200-181822","DECORATIVO INTERIOR DE COBERTOR TANQUE RH","Fuel tank inner small bracket, R","","30","30","3.3","",""
"675","R200-181902","ESTRIBO POSTERIOR LH","Rr-Lt  Footrest","","50","50","2.91","",""
"680","R200-181918","DECORATIVO  ESTRIBO POSTERIOR METALICA RH","","","30","30","5.8","",""
"685","R200-182006","DIRECCIONAL POSTERIOR LH","Turning Light LR","","120","120","2.47","",""
"690","R200-182123","KIT SWITCH","Lock Set","","20","20","14.05","",""
"695","R200-182402","ESTRIBO DEL CONDUCTOR LH","Footrest . FL","","30","30","4.97","",""
"700","R200-182703","ARO DELANTERO 1.85 X 17","Front Rim","","25","25","26.35","",""
"705","R200-182814","ARO POSTERIOR 2020","","","15","15","45.19","",""
"710","R200-6E0709","DIRECCIONAL POSTERIOR IZQUIERDA","Turning light, LR","","50","50","2.17","",""
"715","R200-6E1107ROJ","GUARDAFANGO DELANTERO","Rear fender","","20","20","10.72","",""
"720","R200-6E1121ROJ","COMPLEMENTO DE LATERAL POSTERIOR IZQUIERDO 2023","","","20","20","3.54","",""
"725","R200-6E1124NEG","COBERTOR DE TANQUE DERECHO 2023","","","30","30","7.27","",""
"730","R200-6E1127NEG","LATERAL POSTERIOR DERECHO THOR 2023","","","30","30","4.96","",""
"735","R200-6E1306","PEDAL DE CAMBIO THOR","","","50","50","2.52","",""
"740","R200-6E1410","PROTECTOR DEL ESCAPE","Protect plank, muffler","","30","30","2.85","",""
"745","R200-6E1707","AUTOMATICO","Starting relay","","100","100","2.62","",""
"750","R200-9S1801","AMORTIGUADOR  200-9 STREET","Rear shock absorber","","100","100","23.18","",""
"755","R200-9S2005","KIT DE PISTAS DE TREN DELANTERO","Adjusting nut, steering stem","","300","300","2.32","",""
"760","R200-9S2018","CABLE DE EMBRAGUE","Clutch cable unit","","650","650","1.22","",""
"765","R200-VR0315","TAPA PIÑON MOTRIZ MATE","","","30","30","4.84","",""
"770","R200-VR1107","COBERTOR DE VELOCIMETRO VORTEX II","","","1","1","1.23","",""
"775","R200-VR1401","SOPORTE DERECHO DE  GUARDAFANGO POSTERIOR","Right bracket of rear fender","","200","200","4.42","",""
"780","R200-VR1617","PASTILLA DE FRENO POSTERIOR","","","300","300","2.44","",""
"785","R200-VR1902","ESTRIBO DE PASAJERO LH","","","200","200","6.03","",""
"790","R250-060118","CILINDRO 250-6I  2019","","","100","100","16.13","",""
"795","R250-060810","PASTILLA DE FRENO","frictional piece, front disc ","前碟刹蹄片","200","200","1.18","",""
"800","R250-063002NEG","PEDAL DE ARRANQUE 250-6I 2019/- THOR SPORT II  VORTEX II AVENTURE","Rear brake pedal and staff assy","后制动踏板组合","50","50","4.07","",""
"805","R250-080701","CIGUEÑAL SPORT II 250-9A  250-6A 250-5A","","","30","30","34.15","",""
"810","R250-080907","BOMBA DE ACEITE 250-8 TITAN","","","20","20","","",""
"815","R250-081210","CUBREPUÑO DERECHO 250-8 TITAN","","","35","35","6.36","",""
"820","R250-181202","COMANDO DERECHO 250-18D","","","30","30","3.31","",""
"825","R250-181401","TUBO DE ESCAPE 250-18D","","","20","20","33.89","",""
"830","R250-181801","DIRECCIONAL POSTERIOR JUEGO 250-18D","","","40","40","6.83","",""
"835","R250-9A0329","RETENEDORES JUEGO 4PCS A-VENTURE","","","20","20","1.37","",""
"840","R250-9A1307","CABLE DE VELOCIMETRO","Flexible cable, odometer","","50","50","1.1","",""
"845","R250-9A1604","CAMANDO DERECHO","Handlebar switch, RH","","70","70","4.15","",""
"850","R250-9A1718","ESTRIBO DEL CONDUCTOR IZQUIERDO","Footrest assy, LH","","20","20","5.06","",""
"855","R250-9S0320","VALVULA DE AD / ES  JUEGO","","","270","270","2.68","",""
"860","R250-II0105","BOYA DE COMBUSTIBLE","","","30","30","1.5","",""
"865","R250-II0218","DECORATIVO DE ESCAPE","","","50","50","6.71","",""
"870","R250-II0304","PARABRISA    CHEIF II","Front wind shield","","100","100","4.6","",""
"875","R250-II0313","DIRECCIONAL DELANTERA LH","","","100","100","4.11","",""
"880","R250-II0320","CERRADURA DE ASIENTO POSTERIOR","","","10","10","1.57","",""
"885","R250-II0322ROJ","FRONTAL DE MASCARILLA 2022","","","40","40","7.94","",""
"890","R250-II0405","COMPLEMENTO DE TAPA LATERAL IZQUIERDA CHEIF II","Middle decoration Cover , Left","","10","10","2.85","",""
"895","R250-II0423","DECORATIVO REJILLA RH","","","20","20","0.97","",""
"900","R250-II0428","DECORATIVO IZQUIERDO DE LATERAL DE MASCARILLA","FRONT LEFT SIDE PLATE","","20","20","1.33","",""
"905","R250-II0435","LATERAL DE MASCARILLA DERECHO CHIEF II 2022/-","","","80","80","14.88","",""
"910","R250-II0436VRD","LATERAL DE MASCARILLA IZQUIERDO CHIEFII  2022/-","","","50","50","14.88","",""
"915","R250-II0438ROJ","LATERAL CENTRAL DE MASCARILLA LH CHIEF II 2022/-","","","50","50","14.88","",""
"920","R250-II0440","LATERAL POSTERIOR IZQUIERDO 2022/-","","","20","20","5.82","",""
"925","R250-II0442","TAPA LATERAL IZQUIERDA 2022/-","","","20","20","2.94","",""
"930","R250-II0501","MANUBRIO IZQUIERDO  CHEIF II","","","30","30","0.83","",""
"935","R250-II0510","RETROVISOR DERECHO    CHEIF II","","","150","150","2.23","",""
"940","R250-II0515","MANIJA DE EMBRAGUE","","","20","20","3.75","",""
"945","R250-II0524","TIMON IZQUIERDO 2023","","","100","100","12.16","",""
"950","R250-II0604","EMPAQUE DE MOTOR CHEIF II","GASKET SET","","150","150","3.61","",""
"955","R250-II0611","CARBURADOR","","","30","30","16.74","",""
"960","R250-II0618","CARTER DERECHO","","","10","10","17.82","",""
"965","R250-II0641","KIT DE CILINDRO","","","100","100","25.01","",""
"970","R250-II0703","ESTRIBO DEL PASAJERO DERECHO CHEIF II","REAR FOOTREST, RIGHT","","50","50","4.44","",""
"975","R250-II0801","ARO DELANTERO  CHEIF II","FRONT WHEEL","","30","30","41.59","",""
"980","R250-II0810","DISCO DE FRENO DELANTERO","","","20","20","7.04","",""
"985","R250-II0821","PASTILLA DE FRENO DELANTERO RH","","","50","50","3.63","",""
"990","R250-SP1421","SOPORTE DE FARO Y VELOCIMETRO SPORT II","","","20","20","","",""
"571","R200-060803","SISTEMA HIDRAULICO DE FRENO DELANTERO","Front arrester assy","前液压盘式制动器","20","20","22.12","",""
"576","R200-060831","CABLE DE ACELERADOR","Throttle cable","油门拉索","150","150","0.94","",""
"581","R200-060942NEG","TANQUE DE COMBUSTIBLE C/BOYA COMBUSTIBLE","","","30","30","32.01","",""
"586","R200-061310","CATALINA","R•chain wheel","链轮","350","350","5.47","",""
"591","R200-061725","CIGUEÑAL C/BALANSHACK","","","100","100","28.04","",""
"596","R200-063023","ESTRIBO DE PASAJERO DERECHO","Rear footrest assy","后右搁脚组合","100","100","3.23","",""
"601","R200-080401","TAPA DERECHA DE CARTER DEL OR","","","10","10","15.64","",""
"606","R200-080721","KIT WITCH","","","30","30","8.63","",""
"611","R200-080824","CABLE DE EMBRAGUE","CLUTCH CABLE COMP","离合器操纵线","30","30","1.27","",""
"616","R200-080842NEG","DECORATIVO DE TIMON","","","20","20","2.32","",""
"621","R200-081107","AMORTIGUADOR","REAR ABSORBER","后减震器","50","50","23.69","",""
"626","R200-081404","BOBINA DE BUJIA","COIL COMP","点火线圈","30","30","1.89","",""
"631","R200-082114","CAJA DE HERREMIENTAS","Tools box","工具盒","20","20","1.2","",""
"636","R200-096124","PIÑON MOTRIZ","","","50","50","1.49","",""
"641","R200-180306","CILINDRO","","","100","100","28.98","",""
"646","R200-180811","CIGUEÑAL","","","30","30","34.25","",""
"651","R200-181617","FARO NEW","","","30","30","41.71","",""
"656","R200-181623","BASE DE FARO NEW 2021","","","30","30","","",""
"661","R200-181705","COMANDO LH","Handlebar switch, LH","","120","120","3.15","",""
"666","R200-181801ROJ","TANQUE DE COMBUSTIBLE","Gasoline Tank Jointing assy","","30","30","47.1","",""
"671","R200-181826","(JGS) LUZ LED DE COBERTOR DE TANQUE","","","30","30","7.33","",""
"676","R200-181907","ESTRIBO POSTERIOR RH","Rr-Rt Footrest","","50","50","2.91","",""
"681","R200-181919","DECORATIVO ESTRIBO POSTERIOR  METALICA LH","","","30","30","5.8","",""
"686","R200-182007","PARTE SUPERIOR DE GUARDAFANGO POSTERIOR","Bracket , Rear  Fender","","120","120","2.75","",""
"691","R200-182131","MESA DE DIRECCION NEW","","","20","20","13.65","",""
"696","R200-182413","ESTRIBO DE CONDUCTOR RH","Footrest ,FR","","30","30","4.97","",""
"701","R200-182712","EJE DE RUEDA DELANTERA","Front Wheel Axle","","10","10","2.13","",""
"706","R200-231413","LUZ DE STOP","Taillight assy","","20","20","3.53","",""
"711","R200-6E0710","CABLE DE VELOCIMETRO","Flexible cable, odometer","","50","50","1.77","",""
"716","R200-6E1116","GUARDAFANGO POSTERIOR","","","260","260","7.11","",""
"721","R200-6E1122NEG","COMPLEMENTO DE LATERAL POSTERIOR DERECHO 2023","","","20","20","3.27","",""
"726","R200-6E1124ROJ","COBERTOR DE TANQUE DERECHO 2023","","","20","20","7.27","",""
"731","R200-6E1127ROJ","LATERAL POSTERIOR DERECHO THOR 2023","","","20","20","4.96","",""
"736","R200-6E1308","ESTRIBO DE CONDUCTOR IZQUIERDO","","","20","20","3.31","",""
"741","R200-6E1414","ASIENTO","","","20","20","14.64","",""
"746","R200-9S1212","BOYA COMBUSTIBLE","Fuel sensor","","150","150","1.87","",""
"751","R200-9S1805","GUARDALODO POSTERIOR  200-9 STREET","Rear fender","","50","50","2.67","",""
"756","R200-9S2007","MESA DE SUSPENCION","Lower bearing of steering stem","","300","300","49.29","",""
"761","R200-9S2019","BARRA TELESCOPICA DERECHA","Right front shock absorber","","30","30","24.12","",""
"766","R200-VR0501","TAPA DE EMBRAGUE MATE","","","5","5","13.62","",""
"771","R200-VR1225","ASIENTO DHL","","","10","10","19.46","",""
"776","R200-VR1402","DECORATIVO INF.DE GUARDFANGO POSTERIOR","Inner bush, rear fender","","200","200","1.05","",""